Workbook

Sheet Plan de test
B2: Gage R&R par attribut | J2: Objectif:
J3: Le but de ce fichier est d'évaluer une méthode dont l'interprétation est qualitative (conforme/pas conforme)
B4: Auteur | C4: Date | D4: Vérificateur | E4: Date d'approbation | F4: Equipement | G4: N° interne | H4: Lieux | J4: Pour cela, il est possible de challenger la méthode à tester: - sur 20 pièces (15 bonnes et 5 mauvaises) numéroté de 1 à 20. - jusqu'à 3 testeurs/opérateurs - selon 2 plans de test définis aléatoirement
B5: Morgan | C5: 10.06.2017 | D5: Carlos | E5: 10.06.2017 | F5: Microvu | G5: 09006 | H5: Contrôle medical
B6: Equipement | E6: Pièce
B7: Description | C7: contrôleur optique | E7: Attribut testé | F7: côte programmée dans la microvu | J7: Dans l'onglet "Plan de test", l'auteur définie un premier plan de test. Chaque pièce est identifiée par sa position. Elles ne sont pas identifiées elles mêmes sauf si l'identification peut etre cachée de l'opérateur
B8: Programme / Instruction testé | C8: 3 programmes vont être testés (CF testeur dans les fiches de test) | E8: Critère d'acceptation | F8: selon plan de la pièce | J8: L'auteur donne ainsi ce premier plan de test au testeur 1, 2 et 3 qui contrôle ce plan de test N°1 L'auteur construit alors le plan de test N°2 qu'il donne aux testeurs 1, 2 et 3 pour un second contrôle
B9: Réf / plan de la pièce | C9: voir fiche de résultats | J9: L'auteur donne alors le second plan de test aux testeur 1, 2 et 3
B10: plan de test N°1 | F10: plan de test N°2
B11: N° position | C11: N° de la pièce | D11: Résultat attendu | F11: N° position | G11: N° de la pièce | H11: Résultat attendu | J11: les résultats sont alors rentrés dans le fichier Excel aux onglets "testeur" 1 a 3, qui calcule automatiquement le résultat dans "Conclusion"
B12: 1 | C12: 1 | D12: échec | F12: 20 | G12: =B12 -> 1 | H12: =D12 -> échec | I12: =RAND() -> 0.71247599
B13: 2 | C13: 2 | D13: échec | F13: 19 | G13: =B13 -> 2 | H13: =D13 -> échec | I13: =RAND() -> 0.29517312
B14: 3 | C14: 3 | D14: échec | F14: 18 | G14: =B14 -> 3 | H14: =D14 -> échec | I14: =RAND() -> 0.011348528
B15: 4 | C15: 4 | D15: échec | F15: 17 | G15: =B15 -> 4 | H15: =D15 -> échec | I15: =RAND() -> 0.94027161 | J15: exemple de test
B16: 5 | C16: 5 | D16: échec | F16: 16 | G16: =B16 -> 5 | H16: =D16 -> échec | I16: =RAND() -> 0.2555791
B17: 6 | C17: 6 | D17: succés | F17: 15 | G17: =B17 -> 6 | H17: =D17 -> succés | I17: =RAND() -> 0.7243848
B18: 7 | C18: 7 | D18: succés | F18: 14 | G18: =B18 -> 7 | H18: =D18 -> succés | I18: =RAND() -> 0.9905832
B19: 8 | C19: 8 | D19: succés | F19: 13 | G19: =B19 -> 8 | H19: =D19 -> succés | I19: =RAND() -> 0.80430649
B20: 9 | C20: 9 | D20: succés | F20: 12 | G20: =B20 -> 9 | H20: =D20 -> succés | I20: =RAND() -> 0.8669084
B21: 10 | C21: 10 | D21: succés | F21: 11 | G21: =B21 -> 10 | H21: =D21 -> succés | I21: =RAND() -> 0.73081223
B22: 11 | C22: 11 | D22: succés | F22: 10 | G22: =B22 -> 11 | H22: =D22 -> succés | I22: =RAND() -> 0.9458167
B23: 12 | C23: 12 | D23: succés | F23: 9 | G23: =B23 -> 12 | H23: =D23 -> succés | I23: =RAND() -> 0.56095953
B24: 13 | C24: 13 | D24: succés | F24: 8 | G24: =B24 -> 13 | H24: =D24 -> succés | I24: =RAND() -> 0.8609541
B25: 14 | C25: 14 | D25: succés | F25: 7 | G25: =B25 -> 14 | H25: =D25 -> succés | I25: =RAND() -> 0.70480887
B26: 15 | C26: 15 | D26: succés | F26: 6 | G26: =B26 -> 15 | H26: =D26 -> succés | I26: =RAND() -> 0.57589539
B27: 16 | C27: 16 | D27: succés | F27: 5 | G27: =B27 -> 16 | H27: =D27 -> succés | I27: =RAND() -> 0.67221393
... B31: 20 | C31: 20 | D31: succés | F31: 1 | G31: =B31 -> 20 | H31: =D31 -> succés | I31: =RAND() -> 0.61452853

Sheet Testeur 1
B2: MSA 4 : mesure par attribut
B5: Equipment | D5: ='Plan de test'!F5 -> Microvu
B6: Testeur N°1 | D6: programme D3M12 631-04 (P1)
B7: Date
B8: Plan de Test N°1 | D8: Plan de Test N°2
B9: Position de la pièce | C9: Résult obtenu | D9: Position de la pièce | E9: Résult obtenu | F9: piece
B10: ='Plan de test'!B12 -> 1 | C10: échec | D10: =B10 -> 1 | E10: succés | F10: =VLOOKUP(D10,'Plan de test'!$F$12:$H$31,2,FALSE) -> 20 | G10: =E10 -> succés
B11: ='Plan de test'!B13 -> 2 | C11: échec | D11: =B11 -> 2 | E11: succés | F11: =VLOOKUP(D11,'Plan de test'!$F$12:$H$31,2,FALSE) -> 19 | G11: =E11 -> succés
B12: ='Plan de test'!B14 -> 3 | C12: échec | D12: =B12 -> 3 | E12: succés | F12: =VLOOKUP(D12,'Plan de test'!$F$12:$H$31,2,FALSE) -> 18 | G12: =E12 -> succés
B13: ='Plan de test'!B15 -> 4 | C13: échec | D13: =B13 -> 4 | E13: succés | F13: =VLOOKUP(D13,'Plan de test'!$F$12:$H$31,2,FALSE) -> 17 | G13: =E13 -> succés
B14: ='Plan de test'!B16 -> 5 | C14: échec | D14: =B14 -> 5 | E14: succés | F14: =VLOOKUP(D14,'Plan de test'!$F$12:$H$31,2,FALSE) -> 16 | G14: =E14 -> succés
B15: ='Plan de test'!B17 -> 6 | C15: succés | D15: =B15 -> 6 | E15: succés | F15: =VLOOKUP(D15,'Plan de test'!$F$12:$H$31,2,FALSE) -> 15 | G15: =E15 -> succés
B16: ='Plan de test'!B18 -> 7 | C16: succés | D16: =B16 -> 7 | E16: succés | F16: =VLOOKUP(D16,'Plan de test'!$F$12:$H$31,2,FALSE) -> 14 | G16: =E16 -> succés
B17: ='Plan de test'!B19 -> 8 | C17: succés | D17: =B17 -> 8 | E17: succés | F17: =VLOOKUP(D17,'Plan de test'!$F$12:$H$31,2,FALSE) -> 13 | G17: =E17 -> succés
B18: ='Plan de test'!B20 -> 9 | C18: succés | D18: =B18 -> 9 | E18: succés | F18: =VLOOKUP(D18,'Plan de test'!$F$12:$H$31,2,FALSE) -> 12 | G18: =E18 -> succés
B19: ='Plan de test'!B21 -> 10 | C19: succés | D19: =B19 -> 10 | E19: succés | F19: =VLOOKUP(D19,'Plan de test'!$F$12:$H$31,2,FALSE) -> 11 | G19: =E19 -> succés
B20: ='Plan de test'!B22 -> 11 | C20: succés | D20: =B20 -> 11 | E20: succés | F20: =VLOOKUP(D20,'Plan de test'!$F$12:$H$31,2,FALSE) -> 10 | G20: =E20 -> succés
B21: ='Plan de test'!B23 -> 12 | C21: succés | D21: =B21 -> 12 | E21: succés | F21: =VLOOKUP(D21,'Plan de test'!$F$12:$H$31,2,FALSE) -> 9 | G21: =E21 -> succés
... B29: ='Plan de test'!B31 -> 20 | C29: succés | D29: =B29 -> 20 | E29: échec | F29: =VLOOKUP(D29,'Plan de test'!$F$12:$H$31,2,FALSE) -> 1 | G29: =E29 -> échec

Sheet Testeur 2
B2: MSA 4 : mesure par attribut
B5: Equipment | D5: ='Plan de test'!F5 -> Microvu
B6: Testeur N°2 | D6: programme D3M12 631-04 (P3)
B7: Date
B8: Plan de Test N°1 | D8: Plan de Test N°2
B9: Position de la pièce | C9: Résult obtenu | D9: Position de la pièce | E9: Résult obtenu | F9: piece
B10: ='Plan de test'!B12 -> 1 | C10: échec | D10: =B10 -> 1 | E10: succés | F10: =VLOOKUP(D10,'Plan de test'!$F$12:$H$31,2,FALSE) -> 20 | G10: =E10 -> succés
B11: ='Plan de test'!B13 -> 2 | C11: succés | D11: =B11 -> 2 | E11: échec | F11: =VLOOKUP(D11,'Plan de test'!$F$12:$H$31,2,FALSE) -> 19 | G11: =E11 -> échec
B12: ='Plan de test'!B14 -> 3 | C12: échec | D12: =B12 -> 3 | E12: succés | F12: =VLOOKUP(D12,'Plan de test'!$F$12:$H$31,2,FALSE) -> 18 | G12: =E12 -> succés
B13: ='Plan de test'!B15 -> 4 | C13: succés | D13: =B13 -> 4 | E13: succés | F13: =VLOOKUP(D13,'Plan de test'!$F$12:$H$31,2,FALSE) -> 17 | G13: =E13 -> succés
B14: ='Plan de test'!B16 -> 5 | C14: échec | D14: =B14 -> 5 | E14: échec | F14: =VLOOKUP(D14,'Plan de test'!$F$12:$H$31,2,FALSE) -> 16 | G14: =E14 -> échec
B15: ='Plan de test'!B17 -> 6 | C15: succés | D15: =B15 -> 6 | E15: succés | F15: =VLOOKUP(D15,'Plan de test'!$F$12:$H$31,2,FALSE) -> 15 | G15: =E15 -> succés
B16: ='Plan de test'!B18 -> 7 | C16: succés | D16: =B16 -> 7 | E16: échec | F16: =VLOOKUP(D16,'Plan de test'!$F$12:$H$31,2,FALSE) -> 14 | G16: =E16 -> échec
B17: ='Plan de test'!B19 -> 8 | C17: succés | D17: =B17 -> 8 | E17: échec | F17: =VLOOKUP(D17,'Plan de test'!$F$12:$H$31,2,FALSE) -> 13 | G17: =E17 -> échec
B18: ='Plan de test'!B20 -> 9 | C18: succés | D18: =B18 -> 9 | E18: succés | F18: =VLOOKUP(D18,'Plan de test'!$F$12:$H$31,2,FALSE) -> 12 | G18: =E18 -> succés
B19: ='Plan de test'!B21 -> 10 | C19: succés | D19: =B19 -> 10 | E19: succés | F19: =VLOOKUP(D19,'Plan de test'!$F$12:$H$31,2,FALSE) -> 11 | G19: =E19 -> succés
B20: ='Plan de test'!B22 -> 11 | C20: succés | D20: =B20 -> 11 | E20: succés | F20: =VLOOKUP(D20,'Plan de test'!$F$12:$H$31,2,FALSE) -> 10 | G20: =E20 -> succés
B21: ='Plan de test'!B23 -> 12 | C21: échec | D21: =B21 -> 12 | E21: succés | F21: =VLOOKUP(D21,'Plan de test'!$F$12:$H$31,2,FALSE) -> 9 | G21: =E21 -> succés
... B29: ='Plan de test'!B31 -> 20 | C29: succés | D29: =B29 -> 20 | E29: échec | F29: =VLOOKUP(D29,'Plan de test'!$F$12:$H$31,2,FALSE) -> 1 | G29: =E29 -> échec

Sheet Testeur 3
B2: MSA 4 : mesure par attribut
B5: Equipment | D5: ='Plan de test'!F5 -> Microvu
B6: Testeur N°3 | D6: programme D3M12 631-04 (P3)
B7: Date
B8: Plan de Test N°1 | D8: Plan de Test N°2
B9: Position de la pièce | C9: Résult obtenu | D9: Position de la pièce | E9: Résult obtenu | F9: piece
B10: ='Plan de test'!B12 -> 1 | C10: échec | D10: =B10 -> 1 | E10: succés | F10: =VLOOKUP(D10,'Plan de test'!$F$12:$H$31,2,FALSE) -> 20 | G10: =E10 -> succés
B11: ='Plan de test'!B13 -> 2 | C11: succés | D11: =B11 -> 2 | E11: échec | F11: =VLOOKUP(D11,'Plan de test'!$F$12:$H$31,2,FALSE) -> 19 | G11: =E11 -> échec
B12: ='Plan de test'!B14 -> 3 | C12: échec | D12: =B12 -> 3 | E12: succés | F12: =VLOOKUP(D12,'Plan de test'!$F$12:$H$31,2,FALSE) -> 18 | G12: =E12 -> succés
B13: ='Plan de test'!B15 -> 4 | C13: succés | D13: =B13 -> 4 | E13: succés | F13: =VLOOKUP(D13,'Plan de test'!$F$12:$H$31,2,FALSE) -> 17 | G13: =E13 -> succés
B14: ='Plan de test'!B16 -> 5 | C14: échec | D14: =B14 -> 5 | E14: échec | F14: =VLOOKUP(D14,'Plan de test'!$F$12:$H$31,2,FALSE) -> 16 | G14: =E14 -> échec
B15: ='Plan de test'!B17 -> 6 | C15: succés | D15: =B15 -> 6 | E15: succés | F15: =VLOOKUP(D15,'Plan de test'!$F$12:$H$31,2,FALSE) -> 15 | G15: =E15 -> succés
B16: ='Plan de test'!B18 -> 7 | C16: succés | D16: =B16 -> 7 | E16: échec | F16: =VLOOKUP(D16,'Plan de test'!$F$12:$H$31,2,FALSE) -> 14 | G16: =E16 -> échec
B17: ='Plan de test'!B19 -> 8 | C17: succés | D17: =B17 -> 8 | E17: échec | F17: =VLOOKUP(D17,'Plan de test'!$F$12:$H$31,2,FALSE) -> 13 | G17: =E17 -> échec
B18: ='Plan de test'!B20 -> 9 | C18: succés | D18: =B18 -> 9 | E18: succés | F18: =VLOOKUP(D18,'Plan de test'!$F$12:$H$31,2,FALSE) -> 12 | G18: =E18 -> succés
B19: ='Plan de test'!B21 -> 10 | C19: succés | D19: =B19 -> 10 | E19: succés | F19: =VLOOKUP(D19,'Plan de test'!$F$12:$H$31,2,FALSE) -> 11 | G19: =E19 -> succés
B20: ='Plan de test'!B22 -> 11 | C20: succés | D20: =B20 -> 11 | E20: succés | F20: =VLOOKUP(D20,'Plan de test'!$F$12:$H$31,2,FALSE) -> 10 | G20: =E20 -> succés
B21: ='Plan de test'!B23 -> 12 | C21: échec | D21: =B21 -> 12 | E21: succés | F21: =VLOOKUP(D21,'Plan de test'!$F$12:$H$31,2,FALSE) -> 9 | G21: =E21 -> succés
... B29: ='Plan de test'!B31 -> 20 | C29: succés | D29: =B29 -> 20 | E29: échec | F29: =VLOOKUP(D29,'Plan de test'!$F$12:$H$31,2,FALSE) -> 1 | G29: =E29 -> échec

Sheet Conclusion
B2: taille de l'échantillon | E2: Critère d'acceptation
B3: Nombre de répétition | D3: 2 | E3: Decision | F3: Efficacité | G3: % faux positif | H3: % faux negatif
B4: Nombre de testeur | D4: 3 | E4: Acceptable | F4: > 90 % | G4: < 2 % | H4: < 5 %
B5: Nombre de bonne pièce | D5: 15 | E5: Marginal | F5: > 80 - < 90 % | G5: > 2 - < 5 % | H5: > 5 - < 10 %
B6: Nombre de mauvaise pièce | D6: 5 | E6: Inacceptable | F6: < 80 % | G6: > 5 % | H6: > 10 %
B7: N° pièce | C7: Résultat attendu Xref | D7: Testeur 1 | F7: Testeur 2 | H7: Testeur 3 | J7: Répétabilité | K7: Efficacité
D8: plan N°1 | E8: plan N°2 | F8: plan N°1 | G8: plan N°2 | H8: plan N°1 | I8: plan N°2 | S8: faux - | U8: faux + | X8: faux - | Z8: faux + | AC8: faux - | AE8: faux +
B9: ='Plan de test'!B12 -> 1 | C9: =IF('Plan de test'!D12="","",'Plan de test'!$D12) -> échec | D9: =IF('Testeur 1'!C10="","",'Testeur 1'!C10) -> échec | E9: =VLOOKUP(B9,'Testeur 1'!$F$10:$G$29,2,FALSE) -> échec | F9: =IF('Testeur 2'!C10="","",'Testeur 2'!C10) -> échec | G9: =VLOOKUP(B9,'Testeur 2'!$F$10:$G$29,2,FALSE) -> échec | H9: =IF('Testeur 3'!C10="","",'Testeur 3'!C10) -> échec | I9: =VLOOKUP(B9,'Testeur 3'!$F$10:$G$29,2,FALSE) -> échec | J9: =P9 -> OK | K9: =Q9 -> OK | L9: =IF(D9=E9,1,0) -> 1 | M9: =IF(F9=G9,1,0) -> 1 | N9: =IF(H9=I9,1,0) -> 1 | O9: =SUM(L9:N9) -> 3 | P9: =IF(O9=3,"OK","X") -> OK | Q9: =IF(P9="OK",IF(I9=C9,"OK","X"),"X") -> OK | S9: =IF(C9="succés",IF(D9=C9,0,1),"") | T9: =IF(C9="succés",IF(E9=C9,0,1),"") | U9: =IF(C9="échec",IF(D9=C9,0,1),"") -> 0 | V9: =IF(C9="échec",IF(E9=C9,0,1),"") -> 0 | X9: =IF(C9="succés",IF(F9=C9,0,1),"") | Y9: =IF($C9="succés",IF(G9=C9,0,1),"") | Z9: =IF($C9="échec",IF(F9=$C9,0,1),"") -> 0 | AA9: =IF($C9="échec",IF(G9=$C9,0,1),"") -> 0 | AC9: =IF($C9="succés",IF(H9=C9,0,1),"") | AD9: =IF($C9="succés",IF(I9=C9,0,1),"") | AE9: =IF($C9="échec",IF(H9=$C9,0,1),"") -> 0 | AF9: =IF($C9="échec",IF(I9=$C9,0,1),"") -> 0
B10: ='Plan de test'!B13 -> 2 | C10: =IF('Plan de test'!D13="","",'Plan de test'!$D13) -> échec | D10: =IF('Testeur 1'!C11="","",'Testeur 1'!C11) -> échec | E10: =VLOOKUP(B10,'Testeur 1'!$F$10:$G$29,2,FALSE) -> échec | F10: =IF('Testeur 2'!C11="","",'Testeur 2'!C11) -> succés | G10: =VLOOKUP(B10,'Testeur 2'!$F$10:$G$29,2,FALSE) -> succés | H10: =IF('Testeur 3'!C11="","",'Testeur 3'!C11) -> succés | I10: =VLOOKUP(B10,'Testeur 3'!$F$10:$G$29,2,FALSE) -> succés | J10: =P10 -> OK | K10: =Q10 -> X | L10: =IF(D10=E10,1,0) -> 1 | M10: =IF(F10=G10,1,0) -> 1 | N10: =IF(H10=I10,1,0) -> 1 | O10: =SUM(L10:N10) -> 3 | P10: =IF(O10=3,"OK","X") -> OK | Q10: =IF(P10="OK",IF(I10=C10,"OK","X"),"X") -> X | S10: =IF(C10="succés",IF(D10=C10,0,1),"") | T10: =IF(C10="succés",IF(E10=C10,0,1),"") | U10: =IF(C10="échec",IF(D10=C10,0,1),"") -> 0 | V10: =IF(C10="échec",IF(E10=C10,0,1),"") -> 0 | X10: =IF(C10="succés",IF(F10=C10,0,1),"") | Y10: =IF($C10="succés",IF(G10=C10,0,1),"") | Z10: =IF($C10="échec",IF(F10=$C10,0,1),"") -> 1 | AA10: =IF($C10="échec",IF(G10=$C10,0,1),"") -> 1 | AC10: =IF($C10="succés",IF(H10=C10,0,1),"") | AD10: =IF($C10="succés",IF(I10=C10,0,1),"") | AE10: =IF($C10="échec",IF(H10=$C10,0,1),"") -> 1 | AF10: =IF($C10="échec",IF(I10=$C10,0,1),"") -> 1
B11: ='Plan de test'!B14 -> 3 | C11: =IF('Plan de test'!D14="","",'Plan de test'!$D14) -> échec | D11: =IF('Testeur 1'!C12="","",'Testeur 1'!C12) -> échec | E11: =VLOOKUP(B11,'Testeur 1'!$F$10:$G$29,2,FALSE) -> échec | F11: =IF('Testeur 2'!C12="","",'Testeur 2'!C12) -> échec | G11: =VLOOKUP(B11,'Testeur 2'!$F$10:$G$29,2,FALSE) -> succés | H11: =IF('Testeur 3'!C12="","",'Testeur 3'!C12) -> échec | I11: =VLOOKUP(B11,'Testeur 3'!$F$10:$G$29,2,FALSE) -> succés | J11: =P11 -> X | K11: =Q11 -> X | L11: =IF(D11=E11,1,0) -> 1 | M11: =IF(F11=G11,1,0) -> 0 | N11: =IF(H11=I11,1,0) -> 0 | O11: =SUM(L11:N11) -> 1 | P11: =IF(O11=3,"OK","X") -> X | Q11: =IF(P11="OK",IF(I11=C11,"OK","X"),"X") -> X | S11: =IF(C11="succés",IF(D11=C11,0,1),"") | T11: =IF(C11="succés",IF(E11=C11,0,1),"") | U11: =IF(C11="échec",IF(D11=C11,0,1),"") -> 0 | V11: =IF(C11="échec",IF(E11=C11,0,1),"") -> 0 | X11: =IF(C11="succés",IF(F11=C11,0,1),"") | Y11: =IF($C11="succés",IF(G11=C11,0,1),"") | Z11: =IF($C11="échec",IF(F11=$C11,0,1),"") -> 0 | AA11: =IF($C11="échec",IF(G11=$C11,0,1),"") -> 1 | AC11: =IF($C11="succés",IF(H11=C11,0,1),"") | AD11: =IF($C11="succés",IF(I11=C11,0,1),"") | AE11: =IF($C11="échec",IF(H11=$C11,0,1),"") -> 0 | AF11: =IF($C11="échec",IF(I11=$C11,0,1),"") -> 1
B12: ='Plan de test'!B15 -> 4 | C12: =IF('Plan de test'!D15="","",'Plan de test'!$D15) -> échec | D12: =IF('Testeur 1'!C13="","",'Testeur 1'!C13) -> échec | E12: =VLOOKUP(B12,'Testeur 1'!$F$10:$G$29,2,FALSE) -> échec | F12: =IF('Testeur 2'!C13="","",'Testeur 2'!C13) -> succés | G12: =VLOOKUP(B12,'Testeur 2'!$F$10:$G$29,2,FALSE) -> succés | H12: =IF('Testeur 3'!C13="","",'Testeur 3'!C13) -> succés | I12: =VLOOKUP(B12,'Testeur 3'!$F$10:$G$29,2,FALSE) -> succés | J12: =P12 -> OK | K12: =Q12 -> X | L12: =IF(D12=E12,1,0) -> 1 | M12: =IF(F12=G12,1,0) -> 1 | N12: =IF(H12=I12,1,0) -> 1 | O12: =SUM(L12:N12) -> 3 | P12: =IF(O12=3,"OK","X") -> OK | Q12: =IF(P12="OK",IF(I12=C12,"OK","X"),"X") -> X | S12: =IF(C12="succés",IF(D12=C12,0,1),"") | T12: =IF(C12="succés",IF(E12=C12,0,1),"") | U12: =IF(C12="échec",IF(D12=C12,0,1),"") -> 0 | V12: =IF(C12="échec",IF(E12=C12,0,1),"") -> 0 | X12: =IF(C12="succés",IF(F12=C12,0,1),"") | Y12: =IF($C12="succés",IF(G12=C12,0,1),"") | Z12: =IF($C12="échec",IF(F12=$C12,0,1),"") -> 1 | AA12: =IF($C12="échec",IF(G12=$C12,0,1),"") -> 1 | AC12: =IF($C12="succés",IF(H12=C12,0,1),"") | AD12: =IF($C12="succés",IF(I12=C12,0,1),"") | AE12: =IF($C12="échec",IF(H12=$C12,0,1),"") -> 1 | AF12: =IF($C12="échec",IF(I12=$C12,0,1),"") -> 1
B13: ='Plan de test'!B16 -> 5 | C13: =IF('Plan de test'!D16="","",'Plan de test'!$D16) -> échec | D13: =IF('Testeur 1'!C14="","",'Testeur 1'!C14) -> échec | E13: =VLOOKUP(B13,'Testeur 1'!$F$10:$G$29,2,FALSE) -> échec | F13: =IF('Testeur 2'!C14="","",'Testeur 2'!C14) -> échec | G13: =VLOOKUP(B13,'Testeur 2'!$F$10:$G$29,2,FALSE) -> succés | H13: =IF('Testeur 3'!C14="","",'Testeur 3'!C14) -> échec | I13: =VLOOKUP(B13,'Testeur 3'!$F$10:$G$29,2,FALSE) -> succés | J13: =P13 -> X | K13: =Q13 -> X | L13: =IF(D13=E13,1,0) -> 1 | M13: =IF(F13=G13,1,0) -> 0 | N13: =IF(H13=I13,1,0) -> 0 | O13: =SUM(L13:N13) -> 1 | P13: =IF(O13=3,"OK","X") -> X | Q13: =IF(P13="OK",IF(I13=C13,"OK","X"),"X") -> X | S13: =IF(C13="succés",IF(D13=C13,0,1),"") | T13: =IF(C13="succés",IF(E13=C13,0,1),"") | U13: =IF(C13="échec",IF(D13=C13,0,1),"") -> 0 | V13: =IF(C13="échec",IF(E13=C13,0,1),"") -> 0 | X13: =IF(C13="succés",IF(F13=C13,0,1),"") | Y13: =IF($C13="succés",IF(G13=C13,0,1),"") | Z13: =IF($C13="échec",IF(F13=$C13,0,1),"") -> 0 | AA13: =IF($C13="échec",IF(G13=$C13,0,1),"") -> 1 | AC13: =IF($C13="succés",IF(H13=C13,0,1),"") | AD13: =IF($C13="succés",IF(I13=C13,0,1),"") | AE13: =IF($C13="échec",IF(H13=$C13,0,1),"") -> 0 | AF13: =IF($C13="échec",IF(I13=$C13,0,1),"") -> 1
B14: ='Plan de test'!B17 -> 6 | C14: =IF('Plan de test'!D17="","",'Plan de test'!$D17) -> succés | D14: =IF('Testeur 1'!C15="","",'Testeur 1'!C15) -> succés | E14: =VLOOKUP(B14,'Testeur 1'!$F$10:$G$29,2,FALSE) -> succés | F14: =IF('Testeur 2'!C15="","",'Testeur 2'!C15) -> succés | G14: =VLOOKUP(B14,'Testeur 2'!$F$10:$G$29,2,FALSE) -> succés | H14: =IF('Testeur 3'!C15="","",'Testeur 3'!C15) -> succés | I14: =VLOOKUP(B14,'Testeur 3'!$F$10:$G$29,2,FALSE) -> succés | J14: =P14 -> OK | K14: =Q14 -> OK | L14: =IF(D14=E14,1,0) -> 1 | M14: =IF(F14=G14,1,0) -> 1 | N14: =IF(H14=I14,1,0) -> 1 | O14: =SUM(L14:N14) -> 3 | P14: =IF(O14=3,"OK","X") -> OK | Q14: =IF(P14="OK",IF(I14=C14,"OK","X"),"X") -> OK | S14: =IF(C14="succés",IF(D14=C14,0,1),"") -> 0 | T14: =IF(C14="succés",IF(E14=C14,0,1),"") -> 0 | U14: =IF(C14="échec",IF(D14=C14,0,1),"") | V14: =IF(C14="échec",IF(E14=C14,0,1),"") | X14: =IF(C14="succés",IF(F14=C14,0,1),"") -> 0 | Y14: =IF($C14="succés",IF(G14=C14,0,1),"") -> 0 | Z14: =IF($C14="échec",IF(F14=$C14,0,1),"") | AA14: =IF($C14="échec",IF(G14=$C14,0,1),"") | AC14: =IF($C14="succés",IF(H14=C14,0,1),"") -> 0 | AD14: =IF($C14="succés",IF(I14=C14,0,1),"") -> 0 | AE14: =IF($C14="échec",IF(H14=$C14,0,1),"") | AF14: =IF($C14="échec",IF(I14=$C14,0,1),"")
B15: ='Plan de test'!B18 -> 7 | C15: =IF('Plan de test'!D18="","",'Plan de test'!$D18) -> succés | D15: =IF('Testeur 1'!C16="","",'Testeur 1'!C16) -> succés | E15: =VLOOKUP(B15,'Testeur 1'!$F$10:$G$29,2,FALSE) -> succés | F15: =IF('Testeur 2'!C16="","",'Testeur 2'!C16) -> succés | G15: =VLOOKUP(B15,'Testeur 2'!$F$10:$G$29,2,FALSE) -> succés | H15: =IF('Testeur 3'!C16="","",'Testeur 3'!C16) -> succés | I15: =VLOOKUP(B15,'Testeur 3'!$F$10:$G$29,2,FALSE) -> succés | J15: =P15 -> OK | K15: =Q15 -> OK | L15: =IF(D15=E15,1,0) -> 1 | M15: =IF(F15=G15,1,0) -> 1 | N15: =IF(H15=I15,1,0) -> 1 | O15: =SUM(L15:N15) -> 3 | P15: =IF(O15=3,"OK","X") -> OK | Q15: =IF(P15="OK",IF(I15=C15,"OK","X"),"X") -> OK | S15: =IF(C15="succés",IF(D15=C15,0,1),"") -> 0 | T15: =IF(C15="succés",IF(E15=C15,0,1),"") -> 0 | U15: =IF(C15="échec",IF(D15=C15,0,1),"") | V15: =IF(C15="échec",IF(E15=C15,0,1),"") | X15: =IF(C15="succés",IF(F15=C15,0,1),"") -> 0 | Y15: =IF($C15="succés",IF(G15=C15,0,1),"") -> 0 | Z15: =IF($C15="échec",IF(F15=$C15,0,1),"") | AA15: =IF($C15="échec",IF(G15=$C15,0,1),"") | AC15: =IF($C15="succés",IF(H15=C15,0,1),"") -> 0 | AD15: =IF($C15="succés",IF(I15=C15,0,1),"") -> 0 | AE15: =IF($C15="échec",IF(H15=$C15,0,1),"") | AF15: =IF($C15="échec",IF(I15=$C15,0,1),"")
B16: ='Plan de test'!B19 -> 8 | C16: =IF('Plan de test'!D19="","",'Plan de test'!$D19) -> succés | D16: =IF('Testeur 1'!C17="","",'Testeur 1'!C17) -> succés | E16: =VLOOKUP(B16,'Testeur 1'!$F$10:$G$29,2,FALSE) -> succés | F16: =IF('Testeur 2'!C17="","",'Testeur 2'!C17) -> succés | G16: =VLOOKUP(B16,'Testeur 2'!$F$10:$G$29,2,FALSE) -> succés | H16: =IF('Testeur 3'!C17="","",'Testeur 3'!C17) -> succés | I16: =VLOOKUP(B16,'Testeur 3'!$F$10:$G$29,2,FALSE) -> succés | J16: =P16 -> OK | K16: =Q16 -> OK | L16: =IF(D16=E16,1,0) -> 1 | M16: =IF(F16=G16,1,0) -> 1 | N16: =IF(H16=I16,1,0) -> 1 | O16: =SUM(L16:N16) -> 3 | P16: =IF(O16=3,"OK","X") -> OK | Q16: =IF(P16="OK",IF(I16=C16,"OK","X"),"X") -> OK | S16: =IF(C16="succés",IF(D16=C16,0,1),"") -> 0 | T16: =IF(C16="succés",IF(E16=C16,0,1),"") -> 0 | U16: =IF(C16="échec",IF(D16=C16,0,1),"") | V16: =IF(C16="échec",IF(E16=C16,0,1),"") | X16: =IF(C16="succés",IF(F16=C16,0,1),"") -> 0 | Y16: =IF($C16="succés",IF(G16=C16,0,1),"") -> 0 | Z16: =IF($C16="échec",IF(F16=$C16,0,1),"") | AA16: =IF($C16="échec",IF(G16=$C16,0,1),"") | AC16: =IF($C16="succés",IF(H16=C16,0,1),"") -> 0 | AD16: =IF($C16="succés",IF(I16=C16,0,1),"") -> 0 | AE16: =IF($C16="échec",IF(H16=$C16,0,1),"") | AF16: =IF($C16="échec",IF(I16=$C16,0,1),"")
B17: ='Plan de test'!B20 -> 9 | C17: =IF('Plan de test'!D20="","",'Plan de test'!$D20) -> succés | D17: =IF('Testeur 1'!C18="","",'Testeur 1'!C18) -> succés | E17: =VLOOKUP(B17,'Testeur 1'!$F$10:$G$29,2,FALSE) -> succés | F17: =IF('Testeur 2'!C18="","",'Testeur 2'!C18) -> succés | G17: =VLOOKUP(B17,'Testeur 2'!$F$10:$G$29,2,FALSE) -> succés | H17: =IF('Testeur 3'!C18="","",'Testeur 3'!C18) -> succés | I17: =VLOOKUP(B17,'Testeur 3'!$F$10:$G$29,2,FALSE) -> succés | J17: =P17 -> OK | K17: =Q17 -> OK | L17: =IF(D17=E17,1,0) -> 1 | M17: =IF(F17=G17,1,0) -> 1 | N17: =IF(H17=I17,1,0) -> 1 | O17: =SUM(L17:N17) -> 3 | P17: =IF(O17=3,"OK","X") -> OK | Q17: =IF(P17="OK",IF(I17=C17,"OK","X"),"X") -> OK | S17: =IF(C17="succés",IF(D17=C17,0,1),"") -> 0 | T17: =IF(C17="succés",IF(E17=C17,0,1),"") -> 0 | U17: =IF(C17="échec",IF(D17=C17,0,1),"") | V17: =IF(C17="échec",IF(E17=C17,0,1),"") | X17: =IF(C17="succés",IF(F17=C17,0,1),"") -> 0 | Y17: =IF($C17="succés",IF(G17=C17,0,1),"") -> 0 | Z17: =IF($C17="échec",IF(F17=$C17,0,1),"") | AA17: =IF($C17="échec",IF(G17=$C17,0,1),"") | AC17: =IF($C17="succés",IF(H17=C17,0,1),"") -> 0 | AD17: =IF($C17="succés",IF(I17=C17,0,1),"") -> 0 | AE17: =IF($C17="échec",IF(H17=$C17,0,1),"") | AF17: =IF($C17="échec",IF(I17=$C17,0,1),"")
B18: ='Plan de test'!B21 -> 10 | C18: =IF('Plan de test'!D21="","",'Plan de test'!$D21) -> succés | D18: =IF('Testeur 1'!C19="","",'Testeur 1'!C19) -> succés | E18: =VLOOKUP(B18,'Testeur 1'!$F$10:$G$29,2,FALSE) -> succés | F18: =IF('Testeur 2'!C19="","",'Testeur 2'!C19) -> succés | G18: =VLOOKUP(B18,'Testeur 2'!$F$10:$G$29,2,FALSE) -> succés | H18: =IF('Testeur 3'!C19="","",'Testeur 3'!C19) -> succés | I18: =VLOOKUP(B18,'Testeur 3'!$F$10:$G$29,2,FALSE) -> succés | J18: =P18 -> OK | K18: =Q18 -> OK | L18: =IF(D18=E18,1,0) -> 1 | M18: =IF(F18=G18,1,0) -> 1 | N18: =IF(H18=I18,1,0) -> 1 | O18: =SUM(L18:N18) -> 3 | P18: =IF(O18=3,"OK","X") -> OK | Q18: =IF(P18="OK",IF(I18=C18,"OK","X"),"X") -> OK | S18: =IF(C18="succés",IF(D18=C18,0,1),"") -> 0 | T18: =IF(C18="succés",IF(E18=C18,0,1),"") -> 0 | U18: =IF(C18="échec",IF(D18=C18,0,1),"") | V18: =IF(C18="échec",IF(E18=C18,0,1),"") | X18: =IF(C18="succés",IF(F18=C18,0,1),"") -> 0 | Y18: =IF($C18="succés",IF(G18=C18,0,1),"") -> 0 | Z18: =IF($C18="échec",IF(F18=$C18,0,1),"") | AA18: =IF($C18="échec",IF(G18=$C18,0,1),"") | AC18: =IF($C18="succés",IF(H18=C18,0,1),"") -> 0 | AD18: =IF($C18="succés",IF(I18=C18,0,1),"") -> 0 | AE18: =IF($C18="échec",IF(H18=$C18,0,1),"") | AF18: =IF($C18="échec",IF(I18=$C18,0,1),"")
B19: ='Plan de test'!B22 -> 11 | C19: =IF('Plan de test'!D22="","",'Plan de test'!$D22) -> succés | D19: =IF('Testeur 1'!C20="","",'Testeur 1'!C20) -> succés | E19: =VLOOKUP(B19,'Testeur 1'!$F$10:$G$29,2,FALSE) -> succés | F19: =IF('Testeur 2'!C20="","",'Testeur 2'!C20) -> succés | G19: =VLOOKUP(B19,'Testeur 2'!$F$10:$G$29,2,FALSE) -> succés | H19: =IF('Testeur 3'!C20="","",'Testeur 3'!C20) -> succés | I19: =VLOOKUP(B19,'Testeur 3'!$F$10:$G$29,2,FALSE) -> succés | J19: =P19 -> OK | K19: =Q19 -> OK | L19: =IF(D19=E19,1,0) -> 1 | M19: =IF(F19=G19,1,0) -> 1 | N19: =IF(H19=I19,1,0) -> 1 | O19: =SUM(L19:N19) -> 3 | P19: =IF(O19=3,"OK","X") -> OK | Q19: =IF(P19="OK",IF(I19=C19,"OK","X"),"X") -> OK | S19: =IF(C19="succés",IF(D19=C19,0,1),"") -> 0 | T19: =IF(C19="succés",IF(E19=C19,0,1),"") -> 0 | U19: =IF(C19="échec",IF(D19=C19,0,1),"") | V19: =IF(C19="échec",IF(E19=C19,0,1),"") | X19: =IF(C19="succés",IF(F19=C19,0,1),"") -> 0 | Y19: =IF($C19="succés",IF(G19=C19,0,1),"") -> 0 | Z19: =IF($C19="échec",IF(F19=$C19,0,1),"") | AA19: =IF($C19="échec",IF(G19=$C19,0,1),"") | AC19: =IF($C19="succés",IF(H19=C19,0,1),"") -> 0 | AD19: =IF($C19="succés",IF(I19=C19,0,1),"") -> 0 | AE19: =IF($C19="échec",IF(H19=$C19,0,1),"") | AF19: =IF($C19="échec",IF(I19=$C19,0,1),"")
B20: ='Plan de test'!B23 -> 12 | C20: =IF('Plan de test'!D23="","",'Plan de test'!$D23) -> succés | D20: =IF('Testeur 1'!C21="","",'Testeur 1'!C21) -> succés | E20: =VLOOKUP(B20,'Testeur 1'!$F$10:$G$29,2,FALSE) -> succés | F20: =IF('Testeur 2'!C21="","",'Testeur 2'!C21) -> échec | G20: =VLOOKUP(B20,'Testeur 2'!$F$10:$G$29,2,FALSE) -> succés | H20: =IF('Testeur 3'!C21="","",'Testeur 3'!C21) -> échec | I20: =VLOOKUP(B20,'Testeur 3'!$F$10:$G$29,2,FALSE) -> succés | J20: =P20 -> X | K20: =Q20 -> X | L20: =IF(D20=E20,1,0) -> 1 | M20: =IF(F20=G20,1,0) -> 0 | N20: =IF(H20=I20,1,0) -> 0 | O20: =SUM(L20:N20) -> 1 | P20: =IF(O20=3,"OK","X") -> X | Q20: =IF(P20="OK",IF(I20=C20,"OK","X"),"X") -> X | S20: =IF(C20="succés",IF(D20=C20,0,1),"") -> 0 | T20: =IF(C20="succés",IF(E20=C20,0,1),"") -> 0 | U20: =IF(C20="échec",IF(D20=C20,0,1),"") | V20: =IF(C20="échec",IF(E20=C20,0,1),"") | X20: =IF(C20="succés",IF(F20=C20,0,1),"") -> 1 | Y20: =IF($C20="succés",IF(G20=C20,0,1),"") -> 0 | Z20: =IF($C20="échec",IF(F20=$C20,0,1),"") | AA20: =IF($C20="échec",IF(G20=$C20,0,1),"") | AC20: =IF($C20="succés",IF(H20=C20,0,1),"") -> 1 | AD20: =IF($C20="succés",IF(I20=C20,0,1),"") -> 0 | AE20: =IF($C20="échec",IF(H20=$C20,0,1),"") | AF20: =IF($C20="échec",IF(I20=$C20,0,1),"")
... B28: ='Plan de test'!B31 -> 20 | C28: =IF('Plan de test'!D31="","",'Plan de test'!$D31) -> succés | D28: =IF('Testeur 1'!C29="","",'Testeur 1'!C29) -> succés | E28: =VLOOKUP(B28,'Testeur 1'!$F$10:$G$29,2,FALSE) -> succés | F28: =IF('Testeur 2'!C29="","",'Testeur 2'!C29) -> succés | G28: =VLOOKUP(B28,'Testeur 2'!$F$10:$G$29,2,FALSE) -> succés | H28: =IF('Testeur 3'!C29="","",'Testeur 3'!C29) -> succés | I28: =VLOOKUP(B28,'Testeur 3'!$F$10:$G$29,2,FALSE) -> succés | J28: =P28 -> OK | K28: =Q28 -> OK | L28: =IF(D28=E28,1,0) -> 1 | M28: =IF(F28=G28,1,0) -> 1 | N28: =IF(H28=I28,1,0) -> 1 | O28: =SUM(L28:N28) -> 3 | P28: =IF(O28=3,"OK","X") -> OK | Q28: =IF(P28="OK",IF(I28=C28,"OK","X"),"X") -> OK | S28: =IF(C28="succés",IF(D28=C28,0,1),"") -> 0 | T28: =IF(C28="succés",IF(E28=C28,0,1),"") -> 0 | U28: =IF(C28="échec",IF(D28=C28,0,1),"") | V28: =IF(C28="échec",IF(E28=C28,0,1),"") | X28: =IF(C28="succés",IF(F28=C28,0,1),"") -> 0 | Y28: =IF($C28="succés",IF(G28=C28,0,1),"") -> 0 | Z28: =IF($C28="échec",IF(F28=$C28,0,1),"") | AA28: =IF($C28="échec",IF(G28=$C28,0,1),"") | AC28: =IF($C28="succés",IF(H28=C28,0,1),"") -> 0 | AD28: =IF($C28="succés",IF(I28=C28,0,1),"") -> 0 | AE28: =IF($C28="échec",IF(H28=$C28,0,1),"") | AF28: =IF($C28="échec",IF(I28=$C28,0,1),"")
B29: Répétabilité intra-testeur | C29: Total | D29: =D5+D6 -> 20 | F29: =D29 -> 20 | H29: =F29 -> 20 | J29: =B28 -> 20 | K29: < Répétabilité moyenne
C30: succés | D30: =D29-COUNTIF($J9:$J28,"X") -> 12 | F30: =F29-COUNTIF($J9:$J28,"X") -> 12 | H30: =H29-COUNTIF($J9:$J28,"X") -> 12 | J30: =COUNTIF(J9:J28,"OK") -> 12
C31: Result | D31: =Conclusion!D30/Conclusion!D29 -> 0.6 | F31: =Conclusion!F30/Conclusion!F29 -> 0.6 | H31: =Conclusion!H30/Conclusion!H29 -> 0.6 | J31: =Conclusion!J30/Conclusion!J29 -> 0.6
B32: Efficacité intra-testeur | C32: Total | D32: =D29 -> 20 | F32: =F29 -> 20 | H32: =H29 -> 20 | J32: Efficacité > moyenne | K32: =B28 -> 20
C33: succés | D33: =D30 -> 12 | F33: =F30 -> 12 | H33: =H30 -> 12 | K33: =COUNTIF(K9:K28,"OK") -> 10
C34: Result | D34: =Conclusion!D33/Conclusion!D32 -> 0.6 | F34: =Conclusion!F33/Conclusion!F32 -> 0.6 | H34: =Conclusion!H33/Conclusion!H32 -> 0.6 | K34: =Conclusion!K33/Conclusion!K32 -> 0.5
B35: Nombre de faux positive | D35: =SUM(U9:V28) -> 0 | F35: =SUM(Z9:AA28) -> 6 | H35: =SUM(AE9:AF28) -> 6
B36: Nombre de faux negative | D36: =SUM(S9:T28) -> 0 | F36: =SUM(X9:Y28) -> 6 | H36: =SUM(AC9:AD28) -> 6
B37: % de faux positive total | D37: =(D35+F35+H35)/(D6*D4*D3) -> 0.4 | F37: Approbateur : Date / Visa
B38: % de faux negative total | D38: =(D36+F36+H36)/(D5*D4*D3) -> 0.13333333
B39: Résumé
B40: Efficacité | E40: =IF(K35>=0.9,"Acceptable",IF(AND(K35<0.9,K35>=0.8),"Marginal",IF(K35<0.8,"Inacceptable"))) -> Inacceptable
B41: %-Faux Positive | E41: =IF(D37<=0.02,"Acceptable",IF(AND(D37>0.02,D37<=0.05),"Marginal",IF(D37>0.05,"Inacceptable"))) -> Inacceptable
B42: %-Faux Negative | E42: =IF(D38<=0.05,"Acceptable",IF(AND(D38>0.05,D38<=0.1),"Marginal",IF(D38>0.1,"Inacceptable"))) -> Inacceptable
B44: Répétabilité : rend 2 fois le même résultat pour la même pièce
B45: Efficacité : rend le résultat bon résultat a chaque fois

Sheet Module3
