Workbook
Name ANALYTES: #REF!

Sheet GR&R croisé
B2: GAGE R&R
G4: plan d'expériences croisée
C5: Facteur qualitatif | G5: X | H5: Y | I5: r1 | J5: r2 | K5: r3 | L5: r4 | M5: r5 | N5: r6
C6: X | D6: opérateur | G6: marie | H6: 1 | I6: 30.684 | J6: 30.436 | K6: 30.451 | O6: =+SUM(I6:N6) -> 91.571 | P6: Tolérance - | Q6: 25 | R6: =+Q6 -> 25 | S6: 0 | T6: =X63 -> 1.3559413 | U6: =VAR(I6:N6) -> 0.019336333
C7: Y | D7: pièce | H7: 2 | I7: 30.943 | J7: 30.408 | K7: 30.214 | O7: =+SUM(I7:N7) -> 91.565 | P7: Tolérance + | Q7: 35 | R7: =+Q7 -> 35 | S7: 0 | T7: =T6 -> 1.3559413 | U7: =VAR(I7:N7) -> 0.14255033
H8: 3 | I8: 30.896 | J8: 30.419 | K8: 30.374 | O8: =+SUM(I8:N8) -> 91.689 | U8: =VAR(I8:N8) -> 0.083673
C9: Les N observations sont obtenues sous | H9: 4 | I9: 30.989 | J9: 30.004 | K9: 30.272 | O9: =+SUM(I9:N9) -> 91.265 | P9: moyenne | Q9: =AVERAGE(I6:N35) -> 30.531644 | U9: =VAR(I9:N9) -> 0.25935633
C10: condition de répétabilité : même méthode, | H10: 5 | I10: 30.166 | J10: 30.826 | K10: 30.63 | O10: =+SUM(I10:N10) -> 91.622 | P10: S² totale | Q10: =I58 -> 0.086564209 | U10: =VAR(I10:N10) -> 0.11488533
C11: même sujet, laps de temps le plus | H11: 6 | I11: 30.515 | J11: 30.846 | K11: 30.019 | O11: =+SUM(I11:N11) -> 91.38 | P11: S totale | Q11: =SQRT(Q10) -> 0.29421796 | U11: =VAR(I11:N11) -> 0.173251
C12: court possible, | H12: 7 | I12: 30.382 | J12: 30.954 | K12: 30.677 | O12: =+SUM(I12:N12) -> 92.013 | P12: Min | Q12: =MIN(I6:N35) -> 30.001 | U12: =VAR(I12:N12) -> 0.081823
C13: Les pièces sont tirées au hasard et représentent | H13: 8 | I13: 30.431 | J13: 30.158 | K13: 30.007 | O13: =+SUM(I13:N13) -> 90.596 | P13: Max | Q13: =MAX(I6:N35) -> 30.993 | U13: =VAR(I13:N13) -> 0.046184333
C14: l'étendu des pièces observables (Cf et NC) | H14: 9 | I14: 30.7 | J14: 30.695 | K14: 30.634 | O14: =+SUM(I14:N14) -> 92.029 | U14: =VAR(I14:N14) -> 0.0013503333
H15: 10 | I15: 30.468 | J15: 30.108 | K15: 30.965 | O15: =+SUM(I15:N15) -> 91.541 | P15: Cpc | Q15: =(Q7-Q6)/(6*SQRT(K60)) -> 5.5325071 | R15: > 4 | U15: =VAR(I15:N15) -> 0.18517633
G16: pierre | H16: 1 | I16: 30.823 | J16: 30.93 | K16: 30.359 | O16: =+SUM(I16:N16) -> 92.112 | P16: *GRR% | Q16: =SQRT(N57)/((Q7-Q6)/6) -> 0.18074988 | R16: < 25% | U16: =VAR(I16:N16) -> 0.092131
H17: 2 | I17: 30.841 | J17: 30.378 | K17: 30.442 | O17: =+SUM(I17:N17) -> 91.661 | P17: *basé sur les Tolérances | U17: =VAR(I17:N17) -> 0.062944333
H18: 3 | I18: 30.981 | J18: 30.001 | K18: 30.648 | O18: =+SUM(I18:N18) -> 91.63 | U18: =VAR(I18:N18) -> 0.24831633
H19: 4 | I19: 30.689 | J19: 30.62 | K19: 30.429 | O19: =+SUM(I19:N19) -> 91.738 | P19: Cp méthode | Q19: =(Q7-Q6)/(6*SQRT(I58)) -> 5.6647346 | R19: > 1,33 | U19: =VAR(I19:N19) -> 0.018140333
H20: 5 | I20: 30.946 | J20: 30.406 | K20: 30.684 | O20: =+SUM(I20:N20) -> 92.036 | U20: =VAR(I20:N20) -> 0.072921333
H21: 6 | I21: 30.24 | J21: 30.829 | K21: 30.558 | O21: =+SUM(I21:N21) -> 91.627 | U21: =VAR(I21:N21) -> 0.086914333
H22: 7 | I22: 30.15 | J22: 30.61 | K22: 30.197 | O22: =+SUM(I22:N22) -> 90.957 | U22: =VAR(I22:N22) -> 0.064063
H23: 8 | I23: 30.722 | J23: 30.592 | K23: 30.66 | O23: =+SUM(I23:N23) -> 91.974 | U23: =VAR(I23:N23) -> 0.004228
H24: 9 | I24: 30.004 | J24: 30.59 | K24: 30.167 | O24: =+SUM(I24:N24) -> 90.761 | U24: =VAR(I24:N24) -> 0.091482333
H25: 10 | I25: 30.663 | J25: 30.759 | K25: 30.254 | O25: =+SUM(I25:N25) -> 91.676 | U25: =VAR(I25:N25) -> 0.071920333
G26: paul | H26: 1 | I26: 30.936 | J26: 30.686 | K26: 30.631 | O26: =+SUM(I26:N26) -> 92.253 | U26: =VAR(I26:N26) -> 0.026425
H27: 2 | I27: 30.136 | J27: 30.661 | K27: 30.216 | O27: =+SUM(I27:N27) -> 91.013 | U27: =VAR(I27:N27) -> 0.080008333
H28: 3 | I28: 30.714 | J28: 30.094 | K28: 30.204 | O28: =+SUM(I28:N28) -> 91.012 | U28: =VAR(I28:N28) -> 0.10943333
H29: 4 | I29: 30.449 | J29: 30.678 | K29: 30.993 | O29: =+SUM(I29:N29) -> 92.12 | U29: =VAR(I29:N29) -> 0.074600333
H30: 5 | I30: 30.892 | J30: 30.888 | K30: 30.344 | O30: =+SUM(I30:N30) -> 92.124 | U30: =VAR(I30:N30) -> 0.099376
H31: 6 | I31: 30.892 | J31: 30.033 | K31: 30.931 | O31: =+SUM(I31:N31) -> 91.856 | U31: =VAR(I31:N31) -> 0.25763433
H32: 7 | I32: 30.579 | J32: 30.365 | K32: 30.381 | O32: =+SUM(I32:N32) -> 91.325 | U32: =VAR(I32:N32) -> 0.014209333
H33: 8 | I33: 30.791 | J33: 30.471 | K33: 30.722 | O33: =+SUM(I33:N33) -> 91.984 | U33: =VAR(I33:N33) -> 0.028360333
H34: 9 | I34: 30.183 | J34: 30.203 | K34: 30.126 | O34: =+SUM(I34:N34) -> 90.512 | U34: =VAR(I34:N34) -> 0.0015963333 | V34: -3 | W34: =Q$9+V34*SQRT(Q$10) -> 29.648991 | X34: =NORMDIST(W34,Q$9,SQRT(Q$10),0) -> 0.015063147
H35: 10 | I35: 30.987 | J35: 30.359 | K35: 30.86 | O35: =+SUM(I35:N35) -> 92.206 | U35: =VAR(I35:N35) -> 0.11025233 | V35: -2.9 | W35: =Q$9+V35*SQRT(Q$10) -> 29.678412 | X35: =NORMDIST(W35,Q$9,SQRT(Q$10),0) -> 0.02023171
V36: -2.7 | W36: =Q$9+V36*SQRT(Q$10) -> 29.737256 | X36: =NORMDIST(W36,Q$9,SQRT(Q$10),0) -> 0.035419098
V37: -2.6 | W37: =Q$9+V37*SQRT(Q$10) -> 29.766678 | X37: =NORMDIST(W37,Q$9,SQRT(Q$10),0) -> 0.046166349
V38: -2.5 | W38: =Q$9+V38*SQRT(Q$10) -> 29.7961 | X38: =NORMDIST(W38,Q$9,SQRT(Q$10),0) -> 0.059575902
V39: -2.4 | W39: =Q$9+V39*SQRT(Q$10) -> 29.825521 | X39: =NORMDIST(W39,Q$9,SQRT(Q$10),0) -> 0.076115442
V40: -2.3 | W40: =Q$9+V40*SQRT(Q$10) -> 29.854943 | X40: =NORMDIST(W40,Q$9,SQRT(Q$10),0) -> 0.09627909
V41: -2.2 | W41: =Q$9+V41*SQRT(Q$10) -> 29.884365 | X41: =NORMDIST(W41,Q$9,SQRT(Q$10),0) -> 0.12057249
V42: -2.1 | W42: =Q$9+V42*SQRT(Q$10) -> 29.913787 | X42: =NORMDIST(W42,Q$9,SQRT(Q$10),0) -> 0.14949324
V43: -2 | W43: =Q$9+V43*SQRT(Q$10) -> 29.943209 | X43: =NORMDIST(W43,Q$9,SQRT(Q$10),0) -> 0.1835067
V44: -1.9 | W44: =Q$9+V44*SQRT(Q$10) -> 29.97263 | X44: =NORMDIST(W44,Q$9,SQRT(Q$10),0) -> 0.22301771
V45: -1.8 | W45: =Q$9+V45*SQRT(Q$10) -> 30.002052 | X45: =NORMDIST(W45,Q$9,SQRT(Q$10),0) -> 0.26833902
V46: -1.7 | W46: =Q$9+V46*SQRT(Q$10) -> 30.031474 | X46: =NORMDIST(W46,Q$9,SQRT(Q$10),0) -> 0.31965784
V47: -1.6 | W47: =Q$9+V47*SQRT(Q$10) -> 30.060896 | X47: =NORMDIST(W47,Q$9,SQRT(Q$10),0) -> 0.37700225
... V55: -0.8 | W55: =Q$9+V55*SQRT(Q$10) -> 30.29627 | X55: =NORMDIST(W55,Q$9,SQRT(Q$10),0) -> 0.98461546
C56: étape d'identification | G56: ANOVA | P56: Prérequis | V56: -0.7 | W56: =Q$9+V56*SQRT(Q$10) -> 30.325692 | X56: =NORMDIST(W56,Q$9,SQRT(Q$10),0) -> 1.0613014
C57: Origine | D57: niveau | E57: SB² | F57: CI | G57: SCE | H57: ddl | I57: CM | J57: contrib% | K57: variance | M57: S² GRR | N57: =K60+K61 -> 0.090751444 | P57: Cochran | V57: -0.6 | W57: =Q$9+V57*SQRT(Q$10) -> 30.355114 | X57: =NORMDIST(W57,Q$9,SQRT(Q$10),0) -> 1.1325774
C58: Total | D58: =COUNT(I6:N35) -> 90 | E58: =SUM(I6:N35)^2 -> 7550668.6 | F58: =E58/D58 -> 83896.318 | G58: =DEVSQ(I6:N35) -> 7.7042146 | H58: =D58-1 -> 89 | I58: =G58/H58 -> 0.086564209 | J58: =SUM(J60:J63) -> 1 | K58: =I58 -> 0.086564209 | P58: Cobs | Q58: =MAX(U6:U35)/SUM(U6:U35) -> 0.095262518 | R58: =COUNT(I6:I35) -> 30 | V58: -0.5 | W58: =Q$9+V58*SQRT(Q$10) -> 30.384535 | X58: =NORMDIST(W58,Q$9,SQRT(Q$10),0) -> 1.196614
C59: modèle | D59: x | E59: x | F59: x | G59: =SUM(G61:G63) -> 2.259128 | H59: =SUM(H61:H63) -> 29 | I59: =G59/H59 -> 0.077900964 | J59: =G59/G58 -> 0.29323274 | K59: x | M59: S² Total | N59: =N57+K62 -> 0.090751444 | P59: C 5% | Q59: =1/((1+(R58-1)/FINV(0.05/R58,R59-1,(R58)*(R59-1)))) -> 0.19734549 | R59: =COUNT(I6:N6) -> 3 | V59: -0.4 | W59: =Q$9+V59*SQRT(Q$10) -> 30.413957 | X59: =NORMDIST(W59,Q$9,SQRT(Q$10),0) -> 1.2516916
C60: répéta | D60: x | E60: x | F60: x | G60: =G58-G59 -> 5.4450867 | H60: =H58-H59 -> 60 | I60: =G60/H60 -> 0.090751444 | J60: =G60/G58 -> 0.70676726 | K60: =I60 -> 0.090751444 | P60: Cobs < C 5% = OK | V60: -0.3 | W60: =Q$9+V60*SQRT(Q$10) -> 30.443379 | X60: =NORMDIST(W60,Q$9,SQRT(Q$10),0) -> 1.2962764
C61: =D6 -> opérateur | D61: 3 | E61: =SUM(I6:N15)^2+SUM(I16:N25)^2+SUM(I26:N35)^2 -> 2516890.3 | F61: =E61*D61/$D$58 -> 83896.342 | G61: =F61-$F$58 -> 0.023911622 | H61: =D61-1 -> 2 | I61: =G61/H61 -> 0.011955811 | J61: =G61/$G$58 -> 0.0031037067 | K61: =MAX(0,(I61-I60)/(D62*COUNT(I6:N6))) -> 0 | M61: %GRR | N61: =SQRT(N57)/SQRT(N59) -> 1 | P61: pas de variance aberrante | V61: -0.2 | W61: =Q$9+V61*SQRT(Q$10) -> 30.472801 | X61: =NORMDIST(W61,Q$9,SQRT(Q$10),0) -> 1.3290918
C62: =D7 -> pièce | D62: =COUNT(I6:I15) -> 10 | E62: =SUM(O6,O16,O26)^2+SUM(O7,O17,O27)^2+SUM(O8,O18,O28)^2+SUM(O29,O9,O19)^2+SUM(O10,O20,O30)^2+SUM(O11,O21,O31)^2+SUM(O12,O22,O32)^2+SUM(O13,O23,O33)^2+SUM(O34,O24,O14)^2+SUM(O15,O25,O35)^2 -> 755072.71 | F62: =E62*D62/$D$58 -> 83896.967 | G62: =F62-$F$58 -> 0.6492404 | H62: =D62-1 -> 9 | I62: =G62/H62 -> 0.072137822 | J62: =G62/$G$58 -> 0.084270809 | K62: =MAX(0,(I62-I63)/(D61*COUNT(I6:N6))) -> 0 | V62: -0.1 | W62: =Q$9+V62*SQRT(Q$10) -> 30.502223 | X62: =NORMDIST(W62,Q$9,SQRT(Q$10),0) -> 1.3491785
C63: interaction | D63: =D61*D62 -> 30 | E63: =SUMSQ(O6:O35) -> 251695.73 | F63: =E63*D63/$D$58 -> 83898.577 | G63: =F63-$F$58-G61-G62 -> 1.5859759 | H63: =H61*H62 -> 18 | I63: =G63/H63 -> 0.088109774 | J63: =G63/$G$58 -> 0.20585822 | K63: x | M63: <10% | N63: 10%-30% | O63: >30% | V63: 0 | W63: =Q$9+V63*SQRT(Q$10) -> 30.531644 | X63: =NORMDIST(W63,Q$9,SQRT(Q$10),0) -> 1.3559413
I64: =I63/I60 -> 0.97089115 | J64: =+FINV(0.05,H63,H60) -> 1.7784461 | V64: 0.1 | W64: =Q$9+V64*SQRT(Q$10) -> 30.561066 | X64: =NORMDIST(W64,Q$9,SQRT(Q$10),0) -> 1.3491785
C65: R² | D65: =J59 -> 0.29323274 | E65: <Coeffcient de détermination : ce qui est expliqué par le modèle | M65: ndc | N65: =TRUNC(SQRT(I58/I60)*SQRT(2),0) -> 1 | P65: interaction | Q65: =IF(I64>J64,"oui","non") -> non | V65: 0.2 | W65: =Q$9+V65*SQRT(Q$10) -> 30.590488 | X65: =NORMDIST(W65,Q$9,SQRT(Q$10),0) -> 1.3290918
M66: idéalement > 5 | V66: 0.3 | W66: =Q$9+V66*SQRT(Q$10) -> 30.61991 | X66: =NORMDIST(W66,Q$9,SQRT(Q$10),0) -> 1.2962764
C67: R²ajusté | D67: =(I58-I60)/I58 -> -0.048371437 | E67: < expliqué par le modèle (ajusté) | V67: 0.4 | W67: =Q$9+V67*SQRT(Q$10) -> 30.649332 | X67: =NORMDIST(W67,Q$9,SQRT(Q$10),0) -> 1.2516916
V68: 0.5 | W68: =Q$9+V68*SQRT(Q$10) -> 30.678753 | X68: =NORMDIST(W68,Q$9,SQRT(Q$10),0) -> 1.196614
B69: Morgan GERMA | R69: version 1 | V69: 0.6 | W69: =Q$9+V69*SQRT(Q$10) -> 30.708175 | X69: =NORMDIST(W69,Q$9,SQRT(Q$10),0) -> 1.1325774
R70: 45962 | V70: 0.7 | W70: =Q$9+V70*SQRT(Q$10) -> 30.737597 | X70: =NORMDIST(W70,Q$9,SQRT(Q$10),0) -> 1.0613014
V71: 0.8 | W71: =Q$9+V71*SQRT(Q$10) -> 30.767019 | X71: =NORMDIST(W71,Q$9,SQRT(Q$10),0) -> 0.98461546
V72: 0.9 | W72: =Q$9+V72*SQRT(Q$10) -> 30.796441 | X72: =NORMDIST(W72,Q$9,SQRT(Q$10),0) -> 0.90438139
V73: 1 | W73: =Q$9+V73*SQRT(Q$10) -> 30.825862 | X73: =NORMDIST(W73,Q$9,SQRT(Q$10),0) -> 0.82241996
V74: 1.1 | W74: =Q$9+V74*SQRT(Q$10) -> 30.855284 | X74: =NORMDIST(W74,Q$9,SQRT(Q$10),0) -> 0.74044486
V75: 1.2 | W75: =Q$9+V75*SQRT(Q$10) -> 30.884706 | X75: =NORMDIST(W75,Q$9,SQRT(Q$10),0) -> 0.66000748
V76: 1.3 | W76: =Q$9+V76*SQRT(Q$10) -> 30.914128 | X76: =NORMDIST(W76,Q$9,SQRT(Q$10),0) -> 0.58245455
V77: 1.4 | W77: =Q$9+V77*SQRT(Q$10) -> 30.94355 | X77: =NORMDIST(W77,Q$9,SQRT(Q$10),0) -> 0.50889981
V78: 1.5 | W78: =Q$9+V78*SQRT(Q$10) -> 30.972971 | X78: =NORMDIST(W78,Q$9,SQRT(Q$10),0) -> 0.44020968
V79: 1.6 | W79: =Q$9+V79*SQRT(Q$10) -> 31.002393 | X79: =NORMDIST(W79,Q$9,SQRT(Q$10),0) -> 0.37700225
V80: 1.7 | W80: =Q$9+V80*SQRT(Q$10) -> 31.031815 | X80: =NORMDIST(W80,Q$9,SQRT(Q$10),0) -> 0.31965784
V81: 1.8 | W81: =Q$9+V81*SQRT(Q$10) -> 31.061237 | X81: =NORMDIST(W81,Q$9,SQRT(Q$10),0) -> 0.26833902
V82: 1.9 | W82: =Q$9+V82*SQRT(Q$10) -> 31.090659 | X82: =NORMDIST(W82,Q$9,SQRT(Q$10),0) -> 0.22301771
... V93: 3 | W93: =Q$9+V93*SQRT(Q$10) -> 31.414298 | X93: =NORMDIST(W93,Q$9,SQRT(Q$10),0) -> 0.015063147

Sheet Gage R&R emboité
C3: Facteur qualitatif | G3: plan d'expériences emboité | L3: =SUM(H3:K3) -> 0 | M3: =SUM(I3:L3) -> 0
C4: X | D4: lot | E4: 3 | G4: X | H4: Y | I4: Z | J4: r1 | L4: Tolérance - | M4: 0 | N4: =M4 -> 0 | O4: 0 | P4: =R63 -> 0 | Q4: 0 | R4: =V63 -> 1.3020094
C5: Y | D5: opérateur | E5: 3 | G5: lot 1 | H5: Pierre | I5: pièce 1 | J5: =1+RAND() -> 1.2735824 | K5: =AVERAGE(J5:J7) -> 1.3072347 | L5: Tolérance + | M5: 3 | N5: =M5 -> 3 | O5: 0 | P5: =P4 -> 0 | Q5: 0 | R5: =R4 -> 1.3020094
C6: Z | D6: pièce | E6: 3 | I6: pièce 2 | J6: =1+RAND() -> 1.6171634
I7: pièce 3 | J7: =1+RAND() -> 1.0309583 | L7: moyenne | M7: =AVERAGE(J5:J31) -> 1.4565112
C8: Lorsque le plan est emboité, on évalue | H8: Paul | I8: pièce 4 | J8: =1+RAND() -> 1.6572237 | K8: =AVERAGE(J8:J10) -> 1.5965132 | L8: S² totale | M8: =I53 -> 0.093884065
C9: les variances intermédiaires de fidélité. | I9: pièce 5 | J9: =1+RAND() -> 1.1829556 | L9: S totale | M9: =SQRT(M8) -> 0.30640507
I10: pièce 6 | J10: =1+RAND() -> 1.9493603 | L10: Min | M10: =MIN(J5:J31) -> 1.0110956
C11: les facteurs opérateur et lot sont croisés | H11: Marie | I11: pièce 7 | J11: =1+RAND() -> 1.8070567 | K11: =AVERAGE(J11:J13) -> 1.6411094 | L11: Max | M11: =MAX(J5:J31) -> 1.9897031
C12: le facteur pièce est lui emboité dans Op/lot | I12: pièce 8 | J12: =1+RAND() -> 1.8121037
I13: pièce 9 | J13: =1+RAND() -> 1.3041677
G14: lot 2 | H14: Pierre | I14: pièce 10 | J14: =1+RAND() -> 1.5741422 | K14: =AVERAGE(J14:J16) -> 1.5017424
I15: pièce 11 | J15: =1+RAND() -> 1.3042364
I16: pièce 12 | J16: =1+RAND() -> 1.6268486
H17: Paul | I17: pièce 13 | J17: =1+RAND() -> 1.6222145 | K17: =AVERAGE(J17:J19) -> 1.4025039
I18: pièce 14 | J18: =1+RAND() -> 1.5742016
I19: pièce 15 | J19: =1+RAND() -> 1.0110956
H20: Marie | I20: pièce 16 | J20: =1+RAND() -> 1.7814293 | K20: =AVERAGE(J20:J22) -> 1.5161467
I21: pièce 17 | J21: =1+RAND() -> 1.5312156
I22: pièce 18 | J22: =1+RAND() -> 1.2357953
G23: lot 3 | H23: Pierre | I23: pièce 19 | J23: =1+RAND() -> 1.0454798 | K23: =AVERAGE(J23:J25) -> 1.489363
I24: pièce 20 | J24: =1+RAND() -> 1.9897031
I25: pièce 21 | J25: =1+RAND() -> 1.432906
H26: Paul | I26: pièce 22 | J26: =1+RAND() -> 1.0587915 | K26: =AVERAGE(J26:J28) -> 1.3360582
I27: pièce 23 | J27: =1+RAND() -> 1.1793298
I28: pièce 24 | J28: =1+RAND() -> 1.7700532
H29: Marie | I29: pièce 25 | J29: =1+RAND() -> 1.7320689 | K29: =AVERAGE(J29:J31) -> 1.3179295
I30: pièce 26 | J30: =1+RAND() -> 1.0758348
I31: pièce 27 | J31: =1+RAND() -> 1.1458848
T33: -3 | U33: =M$7+T33*SQRT(M$8) -> 0.53729602 | V33: =NORMDIST(U33,M$7,SQRT(M$8),0) -> 0.014464018
T34: -2.9 | U34: =M$7+T34*SQRT(M$8) -> 0.56793653 | V34: =NORMDIST(U34,M$7,SQRT(M$8),0) -> 0.019427004
T35: -2.8 | U35: =M$7+T35*SQRT(M$8) -> 0.59857703 | V35: =NORMDIST(U35,M$7,SQRT(M$8),0) -> 0.025833292
T36: -2.7 | U36: =M$7+T36*SQRT(M$8) -> 0.62921754 | V36: =NORMDIST(U36,M$7,SQRT(M$8),0) -> 0.034010321
T37: -2.6 | U37: =M$7+T37*SQRT(M$8) -> 0.65985805 | V37: =NORMDIST(U37,M$7,SQRT(M$8),0) -> 0.044330106
T38: -2.5 | U38: =M$7+T38*SQRT(M$8) -> 0.69049855 | V38: =NORMDIST(U38,M$7,SQRT(M$8),0) -> 0.057206301
T39: -2.4 | U39: =M$7+T39*SQRT(M$8) -> 0.72113906 | V39: =NORMDIST(U39,M$7,SQRT(M$8),0) -> 0.073087989
T40: -2.3 | U40: =M$7+T40*SQRT(M$8) -> 0.75177957 | V40: =NORMDIST(U40,M$7,SQRT(M$8),0) -> 0.092449639
T41: -2.2 | U41: =M$7+T41*SQRT(M$8) -> 0.78242007 | V41: =NORMDIST(U41,M$7,SQRT(M$8),0) -> 0.11577678
T42: -2.1 | U42: =M$7+T42*SQRT(M$8) -> 0.81306058 | V42: =NORMDIST(U42,M$7,SQRT(M$8),0) -> 0.14354722
T43: -2 | U43: =M$7+T43*SQRT(M$8) -> 0.84370109 | V43: =NORMDIST(U43,M$7,SQRT(M$8),0) -> 0.17620781
T44: -1.9 | U44: =M$7+T44*SQRT(M$8) -> 0.87434159 | V44: =NORMDIST(U44,M$7,SQRT(M$8),0) -> 0.21414729
... T50: -1.3 | U50: =M$7+T50*SQRT(M$8) -> 1.0581846 | V50: =NORMDIST(U50,M$7,SQRT(M$8),0) -> 0.55928772
C51: étape d'identification | G51: ANOVA | T51: -1.2 | U51: =M$7+T51*SQRT(M$8) -> 1.0888251 | V51: =NORMDIST(U51,M$7,SQRT(M$8),0) -> 0.63375602
C52: Origine | D52: niveau | E52: SB² | F52: CI | G52: SCE | H52: ddl | I52: CM | J52: contrib% | K52: variance | T52: -1.1 | U52: =M$7+T52*SQRT(M$8) -> 1.1194656 | V52: =NORMDIST(U52,M$7,SQRT(M$8),0) -> 0.71099404
C53: Total | D53: =COUNT(J5:J31) -> 27 | E53: =SUM(J5:J31)^2 -> 1546.5188 | F53: =E53/D53 -> 57.278473 | G53: =DEVSQ(J5:J31) -> 2.4409857 | H53: =D53-1 -> 26 | I53: =G53/H53 -> 0.093884065 | J53: =SUM(J54:J55) -> 1 | T53: -1 | U53: =M$7+T53*SQRT(M$8) -> 1.1501062 | V53: =NORMDIST(U53,M$7,SQRT(M$8),0) -> 0.78970863
C54: modèle | D54: x | E54: x | F54: x | G54: =SUM(G56:G58) -> 0.35781781 | H54: =SUM(H56:H58) -> 22 | I54: =G54/H54 -> 0.016264446 | J54: =G54/G53 -> 0.14658743 | T54: -0.9 | U54: =M$7+T54*SQRT(M$8) -> 1.1807467 | V54: =NORMDIST(U54,M$7,SQRT(M$8),0) -> 0.86841008
C55: résiduel | D55: x | E55: x | F55: x | G55: =G53-G54 -> 2.0831679 | H55: =H53-H54 -> 4 | I55: =G55/H55 -> 0.52079197 | J55: =G55/G53 -> 0.85341257 | T55: -0.8 | U55: =M$7+T55*SQRT(M$8) -> 1.2113872 | V55: =NORMDIST(U55,M$7,SQRT(M$8),0) -> 0.94545288
C56: =D4 -> lot | D56: =E4 -> 3 | E56: =SUM(J5:J13)^2+SUM(J14:J22)^2+SUM(J23:J31)^2 -> 516.26661 | F56: =E56*D56/$D$53 -> 57.362957 | G56: =F56-F53 -> 0.084483785 | H56: =D56-1 -> 2 | I56: =G56/H56 -> 0.042241892 | J56: =G56/$G$53 -> 0.03461052 | K56: =MAX(0,(I56-I58)/(D56*D58)) -> 0.0031138165 | L56: σ²PV = pièce/lot | T56: -0.7 | U56: =M$7+T56*SQRT(M$8) -> 1.2420277 | V56: =NORMDIST(U56,M$7,SQRT(M$8),0) -> 1.0190887
C57: =D5 -> opérateur | D57: =E5 -> 3 | E57: =SUM(J5:J7,J14:J16,J23:J25)^2+SUM(J8:J10,J17:J19,J26:J28)^2+SUM(J11:J13,J20:J22,J29:J31)^2 -> 515.66302 | F57: =E57*D57/$D$53 -> 57.295891 | G57: =F57-F53 -> 0.01741823 | H57: =D57-1 -> 2 | I57: =G57/H57 -> 0.0087091149 | J57: =G57/$G$53 -> 0.0071357362 | K57: =MAX(0,(I57-I58)/(D57*D58)) -> 0 | L57: σ²AV = repro | T57: -0.6 | U57: =M$7+T57*SQRT(M$8) -> 1.2726682 | V57: =NORMDIST(U57,M$7,SQRT(M$8),0) -> 1.0875297
C58: Piece(lot*op) | D58: =E6 -> 3 | E58: x | F58: x | G58: =(D58*SUMSQ(K5:K31)-F53)-G57-G56 -> 0.2559158 | H58: =(D57*D56)*(D58-1) -> 18 | I58: =G58/H58 -> 0.014217544 | J58: =G58/$G$53 -> 0.10484117 | K58: =I58 -> 0.014217544 | L58: σ²EV = répéta | T58: -0.5 | U58: =M$7+T58*SQRT(M$8) -> 1.3033087 | V58: =NORMDIST(U58,M$7,SQRT(M$8),0) -> 1.1490193
T59: -0.4 | U59: =M$7+T59*SQRT(M$8) -> 1.3339492 | V59: =NORMDIST(U59,M$7,SQRT(M$8),0) -> 1.2019062
C60: S² GRR | D60: =K57+K58 -> 0.014217544 | F60: %GRR | G60: =SQRT(D60)/SQRT(D62) -> 0.90572418 | J60: Cpc | K60: =(M5-M4)/(6*SQRT(K58)) -> 4.1933172 | L60: > 4 | M60: Cp méthode | T60: -0.3 | U60: =M$7+T60*SQRT(M$8) -> 1.3645897 | V60: =NORMDIST(U60,M$7,SQRT(M$8),0) -> 1.2447177
J61: *GRR% | K61: =SQRT(D60)/((M5-M4)/6) -> 0.23847469 | L61: < 25 | M61: =(M5-M4)/(6*SQRT(I53)) -> 1.6318268 | N61: > 1,33 | T61: -0.2 | U61: =M$7+T61*SQRT(M$8) -> 1.3952302 | V61: =NORMDIST(U61,M$7,SQRT(M$8),0) -> 1.2762279
C62: S² Total | D62: =K56+K57+K58 -> 0.017331361 | F62: <10% | G62: 10%-30% | H62: >30% | J62: *basé sur les Tolérances | T62: -0.1 | U62: =M$7+T62*SQRT(M$8) -> 1.4258707 | V62: =NORMDIST(U62,M$7,SQRT(M$8),0) -> 1.2955156
T63: 0 | U63: =M$7+T63*SQRT(M$8) -> 1.4565112 | V63: =NORMDIST(U63,M$7,SQRT(M$8),0) -> 1.3020094
B64: Morgan GERMA | N64: version 1.0 | T64: 0.1 | U64: =M$7+T64*SQRT(M$8) -> 1.4871517 | V64: =NORMDIST(U64,M$7,SQRT(M$8),0) -> 1.2955156
N65: 45962 | T65: 0.2 | U65: =M$7+T65*SQRT(M$8) -> 1.5177922 | V65: =NORMDIST(U65,M$7,SQRT(M$8),0) -> 1.2762279
T66: 0.3 | U66: =M$7+T66*SQRT(M$8) -> 1.5484327 | V66: =NORMDIST(U66,M$7,SQRT(M$8),0) -> 1.2447177
T67: 0.4 | U67: =M$7+T67*SQRT(M$8) -> 1.5790732 | V67: =NORMDIST(U67,M$7,SQRT(M$8),0) -> 1.2019062
T68: 0.5 | U68: =M$7+T68*SQRT(M$8) -> 1.6097138 | V68: =NORMDIST(U68,M$7,SQRT(M$8),0) -> 1.1490193
T69: 0.6 | U69: =M$7+T69*SQRT(M$8) -> 1.6403543 | V69: =NORMDIST(U69,M$7,SQRT(M$8),0) -> 1.0875297
T70: 0.7 | U70: =M$7+T70*SQRT(M$8) -> 1.6709948 | V70: =NORMDIST(U70,M$7,SQRT(M$8),0) -> 1.0190887
T71: 0.8 | U71: =M$7+T71*SQRT(M$8) -> 1.7016353 | V71: =NORMDIST(U71,M$7,SQRT(M$8),0) -> 0.94545288
T72: 0.9 | U72: =M$7+T72*SQRT(M$8) -> 1.7322758 | V72: =NORMDIST(U72,M$7,SQRT(M$8),0) -> 0.86841008
T73: 1 | U73: =M$7+T73*SQRT(M$8) -> 1.7629163 | V73: =NORMDIST(U73,M$7,SQRT(M$8),0) -> 0.78970863
T74: 1.1 | U74: =M$7+T74*SQRT(M$8) -> 1.7935568 | V74: =NORMDIST(U74,M$7,SQRT(M$8),0) -> 0.71099404
T75: 1.2 | U75: =M$7+T75*SQRT(M$8) -> 1.8241973 | V75: =NORMDIST(U75,M$7,SQRT(M$8),0) -> 0.63375602
T76: 1.3 | U76: =M$7+T76*SQRT(M$8) -> 1.8548378 | V76: =NORMDIST(U76,M$7,SQRT(M$8),0) -> 0.55928772
T77: 1.4 | U77: =M$7+T77*SQRT(M$8) -> 1.8854783 | V77: =NORMDIST(U77,M$7,SQRT(M$8),0) -> 0.48865858
... T93: 3 | U93: =M$7+T93*SQRT(M$8) -> 2.3757264 | V93: =NORMDIST(U93,M$7,SQRT(M$8),0) -> 0.014464018

Sheet Récapitulatif
B1: Profil d'exactitude
B2: Probabilité tolérance (bêta) | C2: =#REF! -> #REF! | E2: 20 | F2: 100
B3: Limite d'acceptabilité | C3: =#REF! -> #REF! | E3: 0.01 | F3: =E3*F2/E2 -> 0.05
B5: Niveaux | C5: Niveau A | D5: Niveau B | E5: Niveau C | F5: Niveau D | G5: Niveau E
A6: 2 | B6: Valeur cible | C6: ='80%'!B2 -> 80 | D6: ='90%'!B2 -> 90 | E6: ='100%'!B2 -> 100 | F6: ='110%'!B2 -> 110 | G6: ='120%'!B2 -> 120
A7: 30 | B7: Moyenne niveau | C7: ='80%'!B22 -> #REF! | D7: ='90%'!B22 -> #REF! | E7: ='100%'!B22 -> #REF! | F7: ='110%'!B22 -> #REF! | G7: ='120%'!B22 -> #REF! | K7: =ADDRESS($A8,2,,,C$5) -> 'Niveau A'!$B$31
A8: 31 | B8: Ecart-type de répétabilité (sr) | C8: ='80%'!B23 -> #DIV/0! | D8: ='90%'!B23 -> #DIV/0! | E8: ='100%'!B23 -> #DIV/0! | F8: ='110%'!B23 -> #DIV/0! | G8: ='120%'!B23 -> #DIV/0!
A9: 32 | B9: Ecart-type inter-séries (sL) | C9: ='80%'!B24 -> #REF! | D9: ='90%'!B24 -> #REF! | E9: ='100%'!B24 -> #REF! | F9: ='110%'!B24 -> #REF! | G9: ='120%'!B24 -> #REF!
A10: 33 | B10: Ecart-type de fidélité (sFI) | C10: ='80%'!B25 -> #DIV/0! | D10: ='90%'!B25 -> #DIV/0! | E10: ='100%'!B25 -> #DIV/0! | F10: ='110%'!B25 -> #DIV/0! | G10: ='120%'!B25 -> #DIV/0!
A11: 37 | B11: Rapport des variances (R) | C11: ='80%'!B29 -> #REF! | D11: ='90%'!B29 -> #REF! | E11: ='100%'!B29 -> #REF! | F11: ='110%'!B29 -> #REF! | G11: ='120%'!B29 -> #REF!
A12: 39 | B12: Coefficient intermédiaire | C12: ='80%'!B31 -> #REF! | D12: ='90%'!B31 -> #REF! | E12: ='100%'!B31 -> #REF! | F12: ='110%'!B31 -> #REF! | G12: ='120%'!B31 -> #REF!
A13: 40 | B13: Nombre de degrés liberté | C13: ='80%'!B32 -> #REF! | D13: ='90%'!B32 -> #REF! | E13: ='100%'!B32 -> #REF! | F13: ='110%'!B32 -> #REF! | G13: ='120%'!B32 -> #REF!
A14: 47 | B14: Valeur basse tolérance | C14: ='80%'!B39 -> #REF! | D14: ='90%'!B39 -> #REF! | E14: ='100%'!B39 -> #REF! | F14: ='110%'!B39 -> #REF! | G14: ='120%'!B39 -> #REF!
A15: 48 | B15: Valeur haute tolérance | C15: ='80%'!B40 -> #REF! | D15: ='90%'!B40 -> #REF! | E15: ='100%'!B40 -> #REF! | F15: ='110%'!B40 -> #REF! | G15: ='120%'!B40 -> #REF!
A16: 35 | B16: Biais (%) | C16: ='80%'!B27 -> #REF! | D16: ='90%'!B27 -> #REF! | E16: ='100%'!B27 -> #REF! | F16: ='110%'!B27 -> #REF! | G16: ='120%'!B27 -> #REF!
B17: Recouvrement (justesse) | C17: =C7/C$6 -> #REF! | D17: =D7/D$6 -> #REF! | E17: =E7/E$6 -> #REF! | F17: =F7/F$6 -> #REF! | G17: =G7/G$6 -> #REF!
B18: Limite basse tolérance (%) | C18: =C14/C$6 -> #REF! | D18: =D14/D$6 -> #REF! | E18: =E14/E$6 -> #REF! | F18: =F14/F$6 -> #REF! | G18: =G14/G$6 -> #REF!
B19: Limite haute tolérance (%) | C19: =C15/C$6 -> #REF! | D19: =D15/D$6 -> #REF! | E19: =E15/E$6 -> #REF! | F19: =F15/F$6 -> #REF! | G19: =G15/G$6 -> #REF!
B20: Limite d'acceptabilité basse | C20: =1-$C$3 -> #REF! | D20: =1-$C$3 -> #REF! | E20: =1-$C$3 -> #REF! | F20: =1-$C$3 -> #REF! | G20: =1-$C$3 -> #REF!
B21: Limite d'acceptabilité haute | C21: =1+$C$3 -> #REF! | D21: =1+$C$3 -> #REF! | E21: =1+$C$3 -> #REF! | F21: =1+$C$3 -> #REF! | G21: =1+$C$3 -> #REF!
B27: Incertitude
B28: Ecart-type de l'IT (sIT) | C28: =C$12*C$10 -> #REF! | D28: =D$12*D$10 -> #REF! | E28: =E$12*E$10 -> #REF! | F28: =F$12*F$10 -> #REF! | G28: =G$12*G$10 -> #REF!
B29: Incertitude élargie relative | C29: =2*C28/C7 -> #REF! | D29: =2*D28/D7 -> #REF! | E29: =2*E28/E7 -> #REF! | F29: =2*F28/F7 -> #REF! | G29: =2*G28/G7 -> #REF!

Sheet 80%
A1: Niveau A
A2: Valeur cible | B2: 80
B4: Répétition 1 | C4: Répétition 2 | D4: Répétition 3 | E4: Répétition 4 | F4: Répétition 5 | H4: nk | I4: SCEk
A5: Jour (Série) 1 | B5: =#REF!*$B$2 -> #REF! | C5: =#REF!*$B$2 -> #REF! | H5: =COUNT(B5:F5) -> 0 | I5: =IF(H5=0,"",DEVSQ(B5:F5))
A6: Jour (Série) 2
A7: Jour (Série) 3 | B7: =#REF!*$B$2 -> #REF! | C7: =#REF!*$B$2 -> #REF! | H7: =COUNT(B7:F7) -> 0 | I7: =IF(H7=0,"",DEVSQ(B7:F7))
A8: Jour (Série) 4 | B8: =#REF!*$B$2 -> #REF! | C8: =#REF!*$B$2 -> #REF! | H8: =COUNT(B8:F8) -> 0 | I8: =IF(H8=0,"",DEVSQ(B8:F8))
A9: Jour (Série) 5 | B9: =#REF!*$B$2 -> #REF! | C9: =#REF!*$B$2 -> #REF! | H9: =COUNT(B9:F9) -> 0 | I9: =IF(H9=0,"",DEVSQ(B9:F9))
A11: Nombre de séries (K) | B11: =COUNT(B5:B9) -> 0
A12: Nombre de mesures (IK) | B12: =COUNT(B5:F9) -> 0
A13: Nombre de répétitions (I) | B13: =IF(H5*B11<>B12,"Calcul impossible",H5) -> 0
A14: SCE résiduelle | B14: =SUM(I5:I9) -> 0
A15: SCE totale | B15: =DEVSQ(B5:F9) -> #REF!
A16: SCE inter-séries | B16: =B15-B14 -> #REF!
A17: Valeur intermédiaire de s²L | B17: =((B16/(B11-1))-B18)/B13 -> #REF!
A18: Variance de répétabilité (s²r) | B18: =B14/(B12-B11) -> #DIV/0!
A19: Variance inter-séries (s²L) | B19: =IF(B17<0,0,B17) -> #REF!
A20: Variance de fidélité (s²FI) | B20: =SUM(B18:B19) -> #DIV/0!
A21: Fidélité
A22: Moyenne niveau | B22: =AVERAGE(B5:F9) -> #REF!
A23: Ecart-type de répétabilité (sr) | B23: =SQRT(B18) -> #DIV/0!
A24: Ecart-type inter-séries (sL) | B24: =SQRT(B19) -> #REF!
A25: Ecart-type de fidélité (sFI) | B25: =SQRT(B20) -> #DIV/0!
A26: Justesse
A27: Biais (%) | B27: =B22/B2-1 -> #REF!
A28: Facteur de couverture
A29: Rapport des variances (R) | B29: =B19/B18 -> #REF!
A30: Coefficient B² | B30: =(B29+1)/(B13*B29+1) -> #REF!
A31: Coefficient intermédiaire | B31: =SQRT(1+1/(B12*B30)) -> #REF!
A32: Nombre de degrés liberté | B32: =(B29+1)^2/((B29+1/B13)^2/(B11-1)+(1-1/B13)/B12) -> #REF!
A33: Probabilité tolérance (bêta) | B33: =Récapitulatif!C2 -> #REF!
A34: t Student bas | B34: =TINV(1-B33,ROUNDDOWN(B32,0)) -> #REF!
A35: t Student haut | B35: =TINV(1-B33,ROUNDUP(B32,0)) -> #REF!
A36: t Student interpolé | B36: =B34-(B34-B35)*(B32-ROUNDDOWN(B32,0)) -> #REF!
A37: Facteur de couverture (ktol) | B37: =B36*B31 -> #REF!
A38: Intervalle de tolérance
A39: Valeur basse tolérance | B39: =B22-B37*B25 -> #REF!
A40: Valeur haute tolérance | B40: =B22+B37*B25 -> #REF!

Sheet 90%
A1: Niveau B
A2: Valeur cible | B2: 90
B4: Répétition 1 | C4: Répétition 2 | D4: Répétition 3 | E4: Répétition 4 | F4: Répétition 5 | H4: nk | I4: SCEk
A5: Jour (Série) 1 | B5: =#REF!*$B$2 -> #REF! | C5: =#REF!*$B$2 -> #REF! | H5: =COUNT(B5:F5) -> 0 | I5: =IF(H5=0,"",DEVSQ(B5:F5))
A6: Jour (Série) 2 | B6: =#REF!*$B$2 -> #REF! | C6: =#REF!*$B$2 -> #REF! | H6: =COUNT(B6:F6) -> 0 | I6: =IF(H6=0,"",DEVSQ(B6:F6))
A7: Jour (Série) 3 | I7: =IF(H7=0,"",DEVSQ(B7:F7))
A8: Jour (Série) 4 | B8: =#REF!*$B$2 -> #REF! | C8: =#REF!*$B$2 -> #REF! | H8: =COUNT(B8:F8) -> 0 | I8: =IF(H8=0,"",DEVSQ(B8:F8))
A9: Jour (Série) 5 | B9: =#REF!*$B$2 -> #REF! | C9: =#REF!*$B$2 -> #REF! | H9: =COUNT(B9:F9) -> 0 | I9: =IF(H9=0,"",DEVSQ(B9:F9))
A11: Nombre de séries (K) | B11: =COUNT(B5:B9) -> 0
A12: Nombre de mesures (IK) | B12: =COUNT(B5:F9) -> 0
A13: Nombre de répétitions (I) | B13: =IF(H5*B11<>B12,"Calcul impossible",H5) -> 0
A14: SCE résiduelle | B14: =SUM(I5:I9) -> 0
A15: SCE totale | B15: =DEVSQ(B5:F9) -> #REF!
A16: SCE inter-séries | B16: =B15-B14 -> #REF!
A17: Valeur intermédiaire de s²L | B17: =((B16/(B11-1))-B18)/B13 -> #REF!
A18: Variance de répétabilité (s²r) | B18: =B14/(B12-B11) -> #DIV/0!
A19: Variance inter-séries (s²L) | B19: =IF(B17<0,0,B17) -> #REF!
A20: Variance de fidélité (s²FI) | B20: =SUM(B18:B19) -> #DIV/0!
A21: Fidélité
A22: Moyenne niveau | B22: =AVERAGE(B5:F9) -> #REF!
A23: Ecart-type de répétabilité (sr) | B23: =SQRT(B18) -> #DIV/0!
A24: Ecart-type inter-séries (sL) | B24: =SQRT(B19) -> #REF!
A25: Ecart-type de fidélité (sFI) | B25: =SQRT(B20) -> #DIV/0!
A26: Justesse
A27: Biais (%) | B27: =B22/B2-1 -> #REF!
A28: Facteur de couverture
A29: Rapport des variances (R) | B29: =B19/B18 -> #REF!
A30: Coefficient B² | B30: =(B29+1)/(B13*B29+1) -> #REF!
A31: Coefficient intermédiaire | B31: =SQRT(1+1/(B12*B30)) -> #REF!
A32: Nombre de degrés liberté | B32: =(B29+1)^2/((B29+1/B13)^2/(B11-1)+(1-1/B13)/B12) -> #REF!
A33: Probabilité tolérance (bêta) | B33: =Récapitulatif!C2 -> #REF!
A34: t Student bas | B34: =TINV(1-B33,ROUNDDOWN(B32,0)) -> #REF!
A35: t Student haut | B35: =TINV(1-B33,ROUNDUP(B32,0)) -> #REF!
A36: t Student interpolé | B36: =B34-(B34-B35)*(B32-ROUNDDOWN(B32,0)) -> #REF!
A37: Facteur de couverture (ktol) | B37: =B36*B31 -> #REF!
A38: Intervalle de tolérance
A39: Valeur basse tolérance | B39: =B22-B37*B25 -> #REF!
A40: Valeur haute tolérance | B40: =B22+B37*B25 -> #REF!

Sheet 100%
A1: Niveau C
A2: Valeur cible | B2: 100
B4: Répétition 1 | C4: Répétition 2 | D4: Répétition 3 | E4: Répétition 4 | F4: Répétition 5 | H4: nk | I4: SCEk
A5: Jour (Série) 1 | B5: =#REF!*$B$2 -> #REF! | C5: =#REF!*$B$2 -> #REF! | H5: =COUNT(B5:F5) -> 0 | I5: =IF(H5=0,"",DEVSQ(B5:F5))
A6: Jour (Série) 2 | B6: =#REF!*$B$2 -> #REF! | C6: =#REF!*$B$2 -> #REF! | H6: =COUNT(B6:F6) -> 0 | I6: =IF(H6=0,"",DEVSQ(B6:F6))
A7: Jour (Série) 3 | B7: =#REF!*$B$2 -> #REF! | C7: =#REF!*$B$2 -> #REF! | H7: =COUNT(B7:F7) -> 0 | I7: =IF(H7=0,"",DEVSQ(B7:F7))
A8: Jour (Série) 4 | I8: =IF(H8=0,"",DEVSQ(B8:F8))
A9: Jour (Série) 5 | B9: =#REF!*$B$2 -> #REF! | C9: =#REF!*$B$2 -> #REF! | H9: =COUNT(B9:F9) -> 0 | I9: =IF(H9=0,"",DEVSQ(B9:F9))
A11: Nombre de séries (K) | B11: =COUNT(B5:B9) -> 0
A12: Nombre de mesures (IK) | B12: =COUNT(B5:F9) -> 0
A13: Nombre de répétitions (I) | B13: =IF(H5*B11<>B12,"Calcul impossible",H5) -> 0
A14: SCE résiduelle | B14: =SUM(I5:I9) -> 0
A15: SCE totale | B15: =DEVSQ(B5:F9) -> #REF!
A16: SCE inter-séries | B16: =B15-B14 -> #REF!
A17: Valeur intermédiaire de s²L | B17: =((B16/(B11-1))-B18)/B13 -> #REF!
A18: Variance de répétabilité (s²r) | B18: =B14/(B12-B11) -> #DIV/0!
A19: Variance inter-séries (s²L) | B19: =IF(B17<0,0,B17) -> #REF!
A20: Variance de fidélité (s²FI) | B20: =SUM(B18:B19) -> #DIV/0!
A21: Fidélité
A22: Moyenne niveau | B22: =AVERAGE(B5:F9) -> #REF!
A23: Ecart-type de répétabilité (sr) | B23: =SQRT(B18) -> #DIV/0!
A24: Ecart-type inter-séries (sL) | B24: =SQRT(B19) -> #REF!
A25: Ecart-type de fidélité (sFI) | B25: =SQRT(B20) -> #DIV/0!
A26: Justesse
A27: Biais (%) | B27: =B22/B2-1 -> #REF!
A28: Facteur de couverture
A29: Rapport des variances (R) | B29: =B19/B18 -> #REF!
A30: Coefficient B² | B30: =(B29+1)/(B13*B29+1) -> #REF!
A31: Coefficient intermédiaire | B31: =SQRT(1+1/(B12*B30)) -> #REF!
A32: Nombre de degrés liberté | B32: =(B29+1)^2/((B29+1/B13)^2/(B11-1)+(1-1/B13)/B12) -> #REF!
A33: Probabilité tolérance (bêta) | B33: =Récapitulatif!C2 -> #REF!
A34: t Student bas | B34: =TINV(1-B33,ROUNDDOWN(B32,0)) -> #REF!
A35: t Student haut | B35: =TINV(1-B33,ROUNDUP(B32,0)) -> #REF!
A36: t Student interpolé | B36: =B34-(B34-B35)*(B32-ROUNDDOWN(B32,0)) -> #REF!
A37: Facteur de couverture (ktol) | B37: =B36*B31 -> #REF!
A38: Intervalle de tolérance
A39: Valeur basse tolérance | B39: =B22-B37*B25 -> #REF!
A40: Valeur haute tolérance | B40: =B22+B37*B25 -> #REF!

Sheet 110%
A1: Niveau D
A2: Valeur cible | B2: 110
B4: Répétition 1 | C4: Répétition 2 | D4: Répétition 3 | E4: Répétition 4 | F4: Répétition 5 | H4: nk | I4: SCEk
A5: Jour (Série) 1 | B5: =#REF!*$B$2 -> #REF! | C5: =#REF!*$B$2 -> #REF! | H5: =COUNT(B5:F5) -> 0 | I5: =IF(H5=0,"",DEVSQ(B5:F5))
A6: Jour (Série) 2 | B6: =#REF!*$B$2 -> #REF! | C6: =#REF!*$B$2 -> #REF! | H6: =COUNT(B6:F6) -> 0 | I6: =IF(H6=0,"",DEVSQ(B6:F6))
A7: Jour (Série) 3 | B7: =#REF!*$B$2 -> #REF! | C7: =#REF!*$B$2 -> #REF! | H7: =COUNT(B7:F7) -> 0 | I7: =IF(H7=0,"",DEVSQ(B7:F7))
A8: Jour (Série) 4 | B8: =#REF!*$B$2 -> #REF! | C8: =#REF!*$B$2 -> #REF! | H8: =COUNT(B8:F8) -> 0 | I8: =IF(H8=0,"",DEVSQ(B8:F8))
A9: Jour (Série) 5 | I9: =IF(H9=0,"",DEVSQ(B9:F9))
A11: Nombre de séries (K) | B11: =COUNT(B5:B9) -> 0
A12: Nombre de mesures (IK) | B12: =COUNT(B5:F9) -> 0
A13: Nombre de répétitions (I) | B13: =IF(H5*B11<>B12,"Calcul impossible",H5) -> 0
A14: SCE résiduelle | B14: =SUM(I5:I9) -> 0
A15: SCE totale | B15: =DEVSQ(B5:F9) -> #REF!
A16: SCE inter-séries | B16: =B15-B14 -> #REF!
A17: Valeur intermédiaire de s²L | B17: =((B16/(B11-1))-B18)/B13 -> #REF!
A18: Variance de répétabilité (s²r) | B18: =B14/(B12-B11) -> #DIV/0!
A19: Variance inter-séries (s²L) | B19: =IF(B17<0,0,B17) -> #REF!
A20: Variance de fidélité (s²FI) | B20: =SUM(B18:B19) -> #DIV/0!
A21: Fidélité
A22: Moyenne niveau | B22: =AVERAGE(B5:F9) -> #REF!
A23: Ecart-type de répétabilité (sr) | B23: =SQRT(B18) -> #DIV/0!
A24: Ecart-type inter-séries (sL) | B24: =SQRT(B19) -> #REF!
A25: Ecart-type de fidélité (sFI) | B25: =SQRT(B20) -> #DIV/0!
A26: Justesse
A27: Biais (%) | B27: =B22/B2-1 -> #REF!
A28: Facteur de couverture
A29: Rapport des variances (R) | B29: =B19/B18 -> #REF!
A30: Coefficient B² | B30: =(B29+1)/(B13*B29+1) -> #REF!
A31: Coefficient intermédiaire | B31: =SQRT(1+1/(B12*B30)) -> #REF!
A32: Nombre de degrés liberté | B32: =(B29+1)^2/((B29+1/B13)^2/(B11-1)+(1-1/B13)/B12) -> #REF!
A33: Probabilité tolérance (bêta) | B33: =Récapitulatif!C2 -> #REF!
A34: t Student bas | B34: =TINV(1-B33,ROUNDDOWN(B32,0)) -> #REF!
A35: t Student haut | B35: =TINV(1-B33,ROUNDUP(B32,0)) -> #REF!
A36: t Student interpolé | B36: =B34-(B34-B35)*(B32-ROUNDDOWN(B32,0)) -> #REF!
A37: Facteur de couverture (ktol) | B37: =B36*B31 -> #REF!
A38: Intervalle de tolérance
A39: Valeur basse tolérance | B39: =B22-B37*B25 -> #REF!
A40: Valeur haute tolérance | B40: =B22+B37*B25 -> #REF!

Sheet 120%
A1: Niveau E
A2: Valeur cible | B2: 120
B4: Répétition 1 | C4: Répétition 2 | D4: Répétition 3 | E4: Répétition 4 | F4: Répétition 5 | H4: nk | I4: SCEk
A5: Jour (Série) 1
A6: Jour (Série) 2 | B6: =#REF!*$B$2 -> #REF! | C6: =#REF!*$B$2 -> #REF! | H6: =COUNT(B6:F6) -> 0 | I6: =IF(H6=0,"",DEVSQ(B6:F6))
A7: Jour (Série) 3 | B7: =#REF!*$B$2 -> #REF! | C7: =#REF!*$B$2 -> #REF! | H7: =COUNT(B7:F7) -> 0 | I7: =IF(H7=0,"",DEVSQ(B7:F7))
A8: Jour (Série) 4 | B8: =#REF!*$B$2 -> #REF! | C8: =#REF!*$B$2 -> #REF! | H8: =COUNT(B8:F8) -> 0 | I8: =IF(H8=0,"",DEVSQ(B8:F8))
A9: Jour (Série) 5 | B9: =#REF!*$B$2 -> #REF! | C9: =#REF!*$B$2 -> #REF! | H9: =COUNT(B9:F9) -> 0 | I9: =IF(H9=0,"",DEVSQ(B9:F9))
A11: Nombre de séries (K) | B11: =COUNT(B5:B9) -> 0
A12: Nombre de mesures (IK) | B12: =COUNT(B5:F9) -> 0
A13: Nombre de répétitions (I) | B13: =IF(H6*B11<>B12,"Calcul impossible",H6) -> 0
A14: SCE résiduelle | B14: =SUM(I5:I9) -> 0
A15: SCE totale | B15: =DEVSQ(B5:F9) -> #REF!
A16: SCE inter-séries | B16: =B15-B14 -> #REF!
A17: Valeur intermédiaire de s²L | B17: =((B16/(B11-1))-B18)/B13 -> #REF!
A18: Variance de répétabilité (s²r) | B18: =B14/(B12-B11) -> #DIV/0!
A19: Variance inter-séries (s²L) | B19: =IF(B17<0,0,B17) -> #REF!
A20: Variance de fidélité (s²FI) | B20: =SUM(B18:B19) -> #DIV/0!
A21: Fidélité
A22: Moyenne niveau | B22: =AVERAGE(B5:F9) -> #REF!
A23: Ecart-type de répétabilité (sr) | B23: =SQRT(B18) -> #DIV/0!
A24: Ecart-type inter-séries (sL) | B24: =SQRT(B19) -> #REF!
A25: Ecart-type de fidélité (sFI) | B25: =SQRT(B20) -> #DIV/0!
A26: Justesse
A27: Biais (%) | B27: =B22/B2-1 -> #REF!
A28: Facteur de couverture
A29: Rapport des variances (R) | B29: =B19/B18 -> #REF!
A30: Coefficient B² | B30: =(B29+1)/(B13*B29+1) -> #REF!
A31: Coefficient intermédiaire | B31: =SQRT(1+1/(B12*B30)) -> #REF!
A32: Nombre de degrés liberté | B32: =(B29+1)^2/((B29+1/B13)^2/(B11-1)+(1-1/B13)/B12) -> #REF!
A33: Probabilité tolérance (bêta) | B33: =Récapitulatif!C2 -> #REF!
A34: t Student bas | B34: =TINV(1-B33,ROUNDDOWN(B32,0)) -> #REF!
A35: t Student haut | B35: =TINV(1-B33,ROUNDUP(B32,0)) -> #REF!
A36: t Student interpolé | B36: =B34-(B34-B35)*(B32-ROUNDDOWN(B32,0)) -> #REF!
A37: Facteur de couverture (ktol) | B37: =B36*B31 -> #REF!
A38: Intervalle de tolérance
A39: Valeur basse tolérance | B39: =B22-B37*B25 -> #REF!
A40: Valeur haute tolérance | B40: =B22+B37*B25 -> #REF!
