Workbook
Name ANALYTES: '[1]validation de méthode'!$AD$6:$AD$461

Sheet Bilan
B1: VALIDATION D'UNE METHODE DE DOSAGE INDIRECTE D'UN ANALYTE DANS UNE FORME PHARMACEUTIQUE
C5: les cases bleues sont à compléter | K5: Date début
C6: les cases vertes sont préremplies mais peuvent etre modifiées | K6: Date fin | L6: =TODAY() -> 45979
C7: les cases oranges sont des listes déroulantes | K7: Doc Qual. | L7: IP15XXX
B8: 3.2 | C8: un résultat vert est un résultat conforme d'un point de vue statistique | K8: Excel V. | L8: 1.0
B9: 3.2 | C9: un résultat jaune est un résultat suspect
B10: 3.2 | C10: un résultat rouge est un résultat aberrant
B12: Range | H12: Sensibilité
B13: Domaine d'étude | D13: [ | G13: ] | H13: Ecart en concentration minimal | J13: =sensibilité!E9 -> 0.01604564
B15: Linéarité / Linearity | H15: LOD - LOQ
B16: Matrix effect | E16: =linéarité!H111 -> spécifique | H16: LOD | J16: =LOQLOD!F8 -> #DIV/0! | K16: =LOQLOD!G5 -> mg/L
B17: Biais | E17: =linéarité!E117 -> pas de biais | H17: LOQ retenue | J17: =LOQLOD!I16 -> #DIV/0! | K17: =K16 -> mg/L
B18: Système de référence retenu | E18: =linéarité!C132 -> étalon 100% | H18: Recovery LOQ | J18: =LOQLOD!F22 -> #DIV/0!
B19: R > 0,998 | E19: =SQRT(linéarité!C45) -> 0.99812519 | H19: RSD% LOQ | J19: =LOQLOD!G22 -> #DIV/0!
B20: Justesse / Accuracy | H20: Fidélité / Precision
B21: Mean Recovery | E21: =justesse!C28 -> 1.0256371 | H21: RSDr % | J21: =fidélité!D35 -> 0.0011551653 | K21: =fidélité!B43 -> 0.0014715425 | L21: RSDr95%
B22: IC 95% | D22: [ | E22: =justesse!C31 -> 1.0127915 | F22: =justesse!C32 -> 1.0384828 | G22: ] | H22: RSDR % | J22: =fidélité!D37 -> 0.0046141159 | K22: =fidélité!B44 -> 0.0058778318 | L22: RSDfi95%
B31: =robustesse!B93 -> éthanol
B40: Robustness
B67: Stability
B68: Durée de vie estimée
B69: Stabilité vérifiée
B70: Stress degradation
B73: Commentaire
B78: Conclusion
B80: Méthode Validée : | D80: oui | E80: non | G80: Visa : | K80: Date :
D81: x

Sheet matériel
B1: Préparation du dosage du BDDE Résiduel dans les fils de HA
B3: Référence de la série analytique :
B5: Equipements / ECME :
C7: N° ID | D7: Date de validité
B8: Balance Classe A
B9: Système chromatographique
B10: Colonne
B11: Pipettes
B12: Bain thermostaté
B13: Producteur d'eau MilliQ
B15: Réactifs / Produits chimiques :
C17: N° de lot | D17: Date de validité
B18: Acétonitrile LC-MS
B19: Acide trifluoroacétique
B20: 1,4-Butanediol diglycidyl éther (BDDE) | C20: Lot : Pureté :
B21: Diglycidyl ether of neo-Pentyl glycol 95% (NPGDE)
B22: N,N-diéthyldithiocarbamate de sodium (DTC)
B24: Préparation des standards :
B25: 1) Préparation des standards de BDDE
B27: Date de préparation :
B28: Durée de validité :
B29: Date de validité :
B31: 2) Préparation de la solution d'Etalon Interne
B33: Date de préparation :
B34: Durée de validité :
B35: Date de validité :
B36: Référence de la série analytique :
B38: Préparation des échantillons :
B72: Préparation de la solution de dérivatisation : | C72: 740 mg ≤ m DTC ≤ 760 mg | D72: pour 25 mL
B74: Durée de validité : Le jour de préparation

Sheet linéarité
B2: linearity study
B4: standard calibration (API) | H4: standard calibration (API + matrix)
B5: level | C5: serie | D5: X | E5: Y | H5: level | I5: serie | J5: X | K5: Y
B6: 0.8 | C6: 1 | D6: 0.24162984 | E6: 0.93308457 | H6: 0.8 | I6: 1 | J6: 0.24162984 | K6: 0.95196425
C7: 2 | D7: 0.23965308 | E7: 0.90947933 | I7: 2 | J7: 0.23965308 | K7: 1.0072514
C8: 3 | D8: 0.24383916 | E8: 0.92964765 | I8: 3 | J8: 0.24383916 | K8: 0.9867055
B9: 0.9 | C9: 1 | D9: 0.26915913 | E9: 1.0487784 | H9: 0.9 | I9: 1 | J9: 0.26915913 | K9: 1.0587645
C10: 2 | D10: 0.26956611 | E10: 1.0212268 | I10: 2 | J10: 0.26956611 | K10: 1.041609
C11: 3 | D11: 0.27174636 | E11: 1.0366375 | I11: 3 | J11: 0.27174636 | K11: 1.0721775 | L11: Y-2 | M11: Y-3 | N11: Y-4 | O11: Y-5 | P11: Y-6
B12: 1 | C12: 1 | D12: 0.29378142 | E12: 1.1425547 | H12: 1 | I12: 1 | J12: 0.29378142 | K12: 1.1562472 | L12: 1.1512583 | M12: 1.1538772 | N12: 1.1537055 | O12: 1.1534857 | P12: 1.1527778
C13: 2 | D13: 0.29776401 | E13: 1.1387554 | I13: 2 | J13: 0.29776401 | K13: 1.1586805 | L13: 1.1599179 | M13: 1.1576806 | N13: 1.1609211 | O13: 1.1571684 | P13: 1.1592237
C14: 3 | D14: 0.32485725 | E14: 1.2453744 | I14: 3 | J14: 0.32485725 | K14: 1.2723748 | L14: 1.2722286 | M14: 1.2729451 | N14: 1.2719805 | O14: 1.2717011 | P14: 1.2701611
B15: 1.1 | C15: 1 | D15: 0.32154327 | E15: 1.2533607 | H15: 1.1 | I15: 1 | J15: 0.32154327 | K15: 1.2681855
C16: 2 | D16: 0.32378166 | E16: 1.2340843 | I16: 2 | J16: 0.32378166 | K16: 1.2658045
C17: 3 | D17: 0.3482586 | E17: 1.3326614 | I17: 3 | J17: 0.3482586 | K17: 1.3540644
B18: 1.2 | C18: 1 | D18: 0.36032265 | E18: 1.3919347 | H18: 1.2 | I18: 1 | J18: 0.36032265 | K18: 1.4246526
C19: 2 | D19: 0.3642471 | E19: 1.3991415 | I19: 2 | J19: 0.3642471 | K19: 1.4218196
C20: 3 | D20: 0.3607587 | E20: 1.3745959 | I20: 3 | J20: 0.3607587 | K20: 1.4202601
B22: change of variables
B24: standard calibration (API) | H24: standard calibration (API + matrix)
B25: level | C25: serie | D25: mean X | E25: Y' | F25: S² | H25: level | I25: serie | J25: mean X | K25: Y' | L25: S²
B26: 0.8 | C26: 1 | D26: =AVERAGE(D6:D8) -> 0.24170736 | E26: =E6*D26/D6 -> 0.93338392 | F26: =VAR(E26:E28) -> 6.9709559e-05 | H26: 0.8 | I26: 1 | J26: =AVERAGE(J6:J8) -> 0.24170736 | K26: =K6*J26/J6 -> 0.95226966 | L26: =VAR(K26:K28) -> 0.0010237364
C27: 2 | D27: =D26 -> 0.24170736 | E27: =E7*D27/D7 -> 0.91727529 | I27: 2 | J27: =J26 -> 0.24170736 | K27: =K7*J27/J7 -> 1.0158855
C28: 3 | D28: =D27 -> 0.24170736 | E28: =E8*D28/D8 -> 0.92152006 | I28: 3 | J28: =J27 -> 0.24170736 | K28: =K8*J28/J8 -> 0.97807908
B29: 0.9 | C29: 1 | D29: =AVERAGE(D9:D11) -> 0.2701572 | E29: =E9*D29/D9 -> 1.0526674 | F29: =VAR(E29:E31) -> 0.00023188552 | H29: 0.9 | I29: 1 | J29: =AVERAGE(J9:J11) -> 0.2701572 | K29: =K9*J29/J9 -> 1.0626905 | L29: =VAR(K29:K31) -> 0.00014138895
C30: 2 | D30: =D29 -> 0.2701572 | E30: =E10*D30/D10 -> 1.0234661 | I30: 2 | J30: =J29 -> 0.2701572 | K30: =K10*J30/J10 -> 1.043893
C31: 3 | D31: =D30 -> 0.2701572 | E31: =E11*D31/D11 -> 1.0305753 | I31: 3 | J31: =J30 -> 0.2701572 | K31: =K11*J31/J11 -> 1.0659075 | M31: Y'-2 | N31: Y'-3 | O31: Y'-4 | P31: Y'-5 | Q31: Y'-6
B32: 1 | C32: 1 | D32: =AVERAGE(D12:D14) -> 0.30546756 | E32: =E12*D32/D12 -> 1.1880036 | F32: =VAR(E32:E34) -> 0.00011453523 | H32: 1 | I32: 1 | J32: =AVERAGE(J12:J14) -> 0.30546756 | K32: =K12*J32/J12 -> 1.2022408 | L32: =VAR(K32:K34) -> 4.6450753e-05 | M32: =L12*$J32/$J12 -> 1.1970534 | N32: =M12*$J32/$J12 -> 1.1997765 | O32: =N12*$J32/$J12 -> 1.199598 | P32: =O12*$J32/$J12 -> 1.1993694 | Q32: =P12*$J32/$J12 -> 1.1986334
C33: 2 | D33: =D32 -> 0.30546756 | E33: =E13*D33/D13 -> 1.1682165 | I33: 2 | J33: =J32 -> 0.30546756 | K33: =K13*J33/J13 -> 1.1886571 | M33: =L13*$J33/$J13 -> 1.1899265 | N33: =M13*$J33/$J13 -> 1.1876313 | O33: =N13*$J33/$J13 -> 1.1909557 | P33: =O13*$J33/$J13 -> 1.1871059 | Q33: =P13*$J33/$J13 -> 1.1892144
C34: 3 | D34: =D33 -> 0.30546756 | E34: =E14*D34/D14 -> 1.171042 | I34: 3 | J34: =J33 -> 0.30546756 | K34: =K14*J34/J14 -> 1.1964308 | M34: =L14*$J34/$J14 -> 1.1962934 | N34: =M14*$J34/$J14 -> 1.196967 | O34: =N14*$J34/$J14 -> 1.1960601 | P34: =O14*$J34/$J14 -> 1.1957973 | Q34: =P14*$J34/$J14 -> 1.1943493
B35: 1.1 | C35: 1 | D35: =AVERAGE(D15:D17) -> 0.33119451 | E35: =E15*D35/D15 -> 1.2909808 | F35: =VAR(E35:E37) -> 0.00023390668 | H35: 1.1 | I35: 1 | J35: =AVERAGE(J15:J17) -> 0.33119451 | K35: =K15*J35/J15 -> 1.3062505 | L35: =VAR(K35:K37) -> 8.7480676e-05
C36: 2 | D36: =D35 -> 0.33119451 | E36: =E16*D36/D16 -> 1.2623381 | I36: 2 | J36: =J35 -> 0.33119451 | K36: =K16*J36/J16 -> 1.2947846
C37: 3 | D37: =D36 -> 0.33119451 | E37: =E17*D37/D17 -> 1.2673633 | I37: 3 | J37: =J36 -> 0.33119451 | K37: =K17*J37/J17 -> 1.2877175
B38: 1.2 | C38: 1 | D38: =AVERAGE(D18:D20) -> 0.36177615 | E38: =E18*D38/D18 -> 1.3975496 | F38: =VAR(E38:E40) -> 9.1877241e-05 | H38: 1.2 | I38: 1 | J38: =AVERAGE(J18:J20) -> 0.36177615 | K38: =K18*J38/J18 -> 1.4303995 | L38: =VAR(K38:K40) -> 8.5995813e-05
C39: 2 | D39: =D38 -> 0.36177615 | E39: =E19*D39/D19 -> 1.3896501 | I39: 2 | J39: =J38 -> 0.36177615 | K39: =K19*J39/J19 -> 1.4121744
C40: 3 | D40: =D39 -> 0.36177615 | E40: =E20*D40/D20 -> 1.3784727 | I40: 3 | J40: =J39 -> 0.36177615 | K40: =K20*J40/J20 -> 1.4242656
B42: linest API | H42: linest API + matrix
B43: slope b1 | C43: {=LINEST(E26:E40,D26:D40,1,1)} -> 3.8760128 | D43: -0.01129028 | E43: intercept a1 | H43: slope b1 | I43: {=LINEST(K26:K40,J26:J40,1,1)} -> 3.7155444 | J43: 0.068457001 | K43: intercept a1
B44: SD b1 | C44: 0.065920147 | D44: 0.020109201 | E44: SD a1 | H44: SD b1 | I44: 0.11423124 | J44: 0.03484669 | K44: SD a1
B45: R² | C45: 0.9962539 | D45: 0.010883821 | E45: SD y/x | H45: R² | I45: 0.98786152 | J45: 0.018860279 | K45: SD y/x
B46: Frég | C46: 3457.2762 | D46: 13 | E46: dof | H46: Frég | I46: 1057.9744 | J46: 13 | K46: dof
B47: SCEreg | C47: 0.40954052 | D47: 0.0015399483 | E47: SCEy/x | H47: SCEreg | I47: 0.3763322 | J47: 0.0046242316 | K47: SCEy/x
L49: IC- | M49: IC+
L50: =(J26*I$43+$J$43)-TINV(0.05,$J$46)*$J$45*SQRT(1+1/COUNT($J$26:$J$40)+(J26-AVERAGE($J$26:$J$40))^2/DEVSQ($J$26:$J$40)) -> 0.921892 | M50: =(J26*I$43+$J$43)+TINV(0.05,$J$46)*$J$45*SQRT(1+1/COUNT($J$26:$J$40)+(J26-AVERAGE($J$26:$J$40))^2/DEVSQ($J$26:$J$40)) -> 1.0111709
L51: =(J27*I$43+$J$43)-TINV(0.05,$J$46)*$J$45*SQRT(1+1/COUNT($J$26:$J$40)+(J27-AVERAGE($J$26:$J$40))^2/DEVSQ($J$26:$J$40)) -> 0.921892 | M51: =(J27*I$43+$J$43)+TINV(0.05,$J$46)*$J$45*SQRT(1+1/COUNT($J$26:$J$40)+(J27-AVERAGE($J$26:$J$40))^2/DEVSQ($J$26:$J$40)) -> 1.0111709
L52: =(J28*I$43+$J$43)-TINV(0.05,$J$46)*$J$45*SQRT(1+1/COUNT($J$26:$J$40)+(J28-AVERAGE($J$26:$J$40))^2/DEVSQ($J$26:$J$40)) -> 0.921892 | M52: =(J28*I$43+$J$43)+TINV(0.05,$J$46)*$J$45*SQRT(1+1/COUNT($J$26:$J$40)+(J28-AVERAGE($J$26:$J$40))^2/DEVSQ($J$26:$J$40)) -> 1.0111709
L53: =(J29*I$43+$J$43)-TINV(0.05,$J$46)*$J$45*SQRT(1+1/COUNT($J$26:$J$40)+(J29-AVERAGE($J$26:$J$40))^2/DEVSQ($J$26:$J$40)) -> 1.0294265 | M53: =(J29*I$43+$J$43)+TINV(0.05,$J$46)*$J$45*SQRT(1+1/COUNT($J$26:$J$40)+(J29-AVERAGE($J$26:$J$40))^2/DEVSQ($J$26:$J$40)) -> 1.1150497
L54: =(J30*I$43+$J$43)-TINV(0.05,$J$46)*$J$45*SQRT(1+1/COUNT($J$26:$J$40)+(J30-AVERAGE($J$26:$J$40))^2/DEVSQ($J$26:$J$40)) -> 1.0294265 | M54: =(J30*I$43+$J$43)+TINV(0.05,$J$46)*$J$45*SQRT(1+1/COUNT($J$26:$J$40)+(J30-AVERAGE($J$26:$J$40))^2/DEVSQ($J$26:$J$40)) -> 1.1150497
L55: =(J31*I$43+$J$43)-TINV(0.05,$J$46)*$J$45*SQRT(1+1/COUNT($J$26:$J$40)+(J31-AVERAGE($J$26:$J$40))^2/DEVSQ($J$26:$J$40)) -> 1.0294265 | M55: =(J31*I$43+$J$43)+TINV(0.05,$J$46)*$J$45*SQRT(1+1/COUNT($J$26:$J$40)+(J31-AVERAGE($J$26:$J$40))^2/DEVSQ($J$26:$J$40)) -> 1.1150497
L56: =(J32*I$43+$J$43)-TINV(0.05,$J$46)*$J$45*SQRT(1+1/COUNT($J$26:$J$40)+(J32-AVERAGE($J$26:$J$40))^2/DEVSQ($J$26:$J$40)) -> 1.1613455 | M56: =(J32*I$43+$J$43)+TINV(0.05,$J$46)*$J$45*SQRT(1+1/COUNT($J$26:$J$40)+(J32-AVERAGE($J$26:$J$40))^2/DEVSQ($J$26:$J$40)) -> 1.2455251
L57: =(J33*I$43+$J$43)-TINV(0.05,$J$46)*$J$45*SQRT(1+1/COUNT($J$26:$J$40)+(J33-AVERAGE($J$26:$J$40))^2/DEVSQ($J$26:$J$40)) -> 1.1613455 | M57: =(J33*I$43+$J$43)+TINV(0.05,$J$46)*$J$45*SQRT(1+1/COUNT($J$26:$J$40)+(J33-AVERAGE($J$26:$J$40))^2/DEVSQ($J$26:$J$40)) -> 1.2455251
L58: =(J34*I$43+$J$43)-TINV(0.05,$J$46)*$J$45*SQRT(1+1/COUNT($J$26:$J$40)+(J34-AVERAGE($J$26:$J$40))^2/DEVSQ($J$26:$J$40)) -> 1.1613455 | M58: =(J34*I$43+$J$43)+TINV(0.05,$J$46)*$J$45*SQRT(1+1/COUNT($J$26:$J$40)+(J34-AVERAGE($J$26:$J$40))^2/DEVSQ($J$26:$J$40)) -> 1.2455251
L59: =(J35*I$43+$J$43)-TINV(0.05,$J$46)*$J$45*SQRT(1+1/COUNT($J$26:$J$40)+(J35-AVERAGE($J$26:$J$40))^2/DEVSQ($J$26:$J$40)) -> 1.2563337 | M59: =(J35*I$43+$J$43)+TINV(0.05,$J$46)*$J$45*SQRT(1+1/COUNT($J$26:$J$40)+(J35-AVERAGE($J$26:$J$40))^2/DEVSQ($J$26:$J$40)) -> 1.3417161
L60: =(J36*I$43+$J$43)-TINV(0.05,$J$46)*$J$45*SQRT(1+1/COUNT($J$26:$J$40)+(J36-AVERAGE($J$26:$J$40))^2/DEVSQ($J$26:$J$40)) -> 1.2563337 | M60: =(J36*I$43+$J$43)+TINV(0.05,$J$46)*$J$45*SQRT(1+1/COUNT($J$26:$J$40)+(J36-AVERAGE($J$26:$J$40))^2/DEVSQ($J$26:$J$40)) -> 1.3417161
L61: =(J37*I$43+$J$43)-TINV(0.05,$J$46)*$J$45*SQRT(1+1/COUNT($J$26:$J$40)+(J37-AVERAGE($J$26:$J$40))^2/DEVSQ($J$26:$J$40)) -> 1.2563337 | M61: =(J37*I$43+$J$43)+TINV(0.05,$J$46)*$J$45*SQRT(1+1/COUNT($J$26:$J$40)+(J37-AVERAGE($J$26:$J$40))^2/DEVSQ($J$26:$J$40)) -> 1.3417161
... L64: =(J40*I$43+$J$43)-TINV(0.05,$J$46)*$J$45*SQRT(1+1/COUNT($J$26:$J$40)+(J40-AVERAGE($J$26:$J$40))^2/DEVSQ($J$26:$J$40)) -> 1.3680652 | M64: =(J40*I$43+$J$43)+TINV(0.05,$J$46)*$J$45*SQRT(1+1/COUNT($J$26:$J$40)+(J40-AVERAGE($J$26:$J$40))^2/DEVSQ($J$26:$J$40)) -> 1.4572395
B66: critical analysis of data
B67: Cochran
B68: This test verify the homogenetity of variances
C70: étalon | F70: C 5% | G70: =1/((1+(5-1)/FINV(0.05/5,3-1,(5-1)*(3-1)))) -> 0.68377223 | I70: forme reconstituée
C71: Cobs | D71: =MAX(F26:F40)/SUM(F26:F40) -> 0.31527456 | F71: C 1% | G71: =1/((1+(5-1)/FINV(0.01/5,3-1,(5-1)*(3-1)))) -> 0.78852575 | I71: Cobs | J71: =MAX(O26:O40)/SUM(O26:O40) -> 0.33446535
B73: Si Cobs < C5% , variances are homogenous
B74: Si C5% < Cobs < C1%, variances are not homogenous. A outlier is probably present (Dixon test)
B75: Si Cobs > C1%, heterogeneity of variances. Use un Dixon test to identify the outlier
B77: ANOVA
B78: Analisys of variances verify that linearity are free of outlier
B79: if outlier is detetced, either calibration curve isn't appropriate (change model), or the range is too wide (reduce range study)
B81: étalon
B82: Identification | F82: ANOVA
B83: Origine | C83: niveau | D83: SS² | E83: Ci | F83: SCE | G83: ddl | H83: CM | I83: Fobs | J83: F5% | K83: contribution
B84: Total | C84: =COUNT(E26:E40) -> 15 | D84: =SUM(E26:E40)^2 -> 302.49922 | E84: =D84/C84 -> 20.166615 | F84: =DEVSQ(E26:E40) -> 0.41108047 | G84: =C84-1 -> 14 | H84: =F84/G84 -> 0.029362891 | I84: x | J84: x | K84: =SUM(K86:K89) -> 1
B85: Modèle | C85: x | D85: x | E85: x | F85: =F87 -> 0.40959664 | G85: =G87 -> 4 | H85: =F85/G85 -> 0.10239916 | I85: =H85/H86 -> 690.10106 | J85: =FINV(0.05,G85,G86) -> 3.4780497 | K85: =F85/F84 -> 0.99639042
B86: Résiduel | C86: x | D86: x | E86: x | F86: =F84-F85 -> 0.0014838285 | G86: =G84-G85 -> 10 | H86: =F86/G86 -> 0.00014838285 | I86: x | J86: x | K86: =F86/F84 -> 0.0036095815
B87: niveau | C87: =COUNT(B26:B40) -> 5 | D87: =SUM(E26:E28)^2+SUM(E29:E31)^2+SUM(E32:E34)^2+SUM(E35:E37)^2+SUM(E38:E40)^2 -> 61.728634 | E87: =D87*C87/C84 -> 20.576211 | F87: =E87-E84 -> 0.40959664 | G87: =C87-1 -> 4 | H87: =F87/G87 -> 0.10239916 | I87: =H87/H86 -> 690.10106 | J87: =FINV(0.05,G87,G86) -> 3.4780497 | K87: x
B88: regression | C88: x | D88: x | E88: x | F88: =C47 -> 0.40954052 | G88: 1 | H88: =F88/G88 -> 0.40954052 | I88: =H88/H86 -> 2760.026 | J88: =FINV(0.05,G88,G86) -> 4.9646027 | K88: =F88/F84 -> 0.9962539
B89: linearité | C89: x | D89: x | E89: x | F89: =F87-F88 -> 5.6119866e-05 | G89: =G87-G88 -> 3 | H89: =F89/G89 -> 1.8706622e-05 | I89: =H89/H86 -> 0.12606998 | J89: =FINV(0.05,G89,G86) -> 3.7082648 | K89: =F89/F84 -> 0.00013651796
B91: forme reconstituée
B92: Identification | F92: ANOVA
B93: Origine | C93: level | D93: SS² | E93: Ci | F93: SCE | G93: ddl | H93: CM | I93: Fobs | J93: F5% | K93: contribution
B94: Total | C94: =COUNT(K26:K40) -> 15 | D94: =SUM(K26:K40)^2 -> 319.0384 | E94: =D94/C94 -> 21.269227 | F94: =DEVSQ(K26:K40) -> 0.38095643 | G94: =C94-1 -> 14 | H94: =F94/G94 -> 0.027211173 | I94: x | J94: x | K94: =SUM(K96:K99) -> 1
B95: Modèle | C95: x | D95: x | E95: x | F95: =F97 -> 0.37818632 | G95: =G97 -> 4 | H95: =F95/G95 -> 0.094546581 | I95: =H95/H96 -> 341.31045 | J95: =FINV(0.05,G95,G96) -> 3.4780497 | K95: =F95/F94 -> 0.99272855
B96: Résiduel | C96: x | D96: x | E96: x | F96: =F94-F95 -> 0.0027701051 | G96: =G94-G95 -> 10 | H96: =F96/G96 -> 0.00027701051 | I96: x | J96: x | K96: =F96/F94 -> 0.0072714486
B97: niveau | C97: =COUNT(H26:H40) -> 5 | D97: =SUM(K26:K28)^2+SUM(K29:K31)^2+SUM(K32:K34)^2+SUM(K35:K37)^2+SUM(K38:K40)^2 -> 64.942239 | E97: =D97*C97/C94 -> 21.647413 | F97: =E97-E94 -> 0.37818632 | G97: =C97-1 -> 4 | H97: =F97/G97 -> 0.094546581 | I97: =H97/H96 -> 341.31045 | J97: =FINV(0.05,G97,G96) -> 3.4780497 | K97: x
B98: regression | C98: x | D98: x | E98: x | F98: =I47 -> 0.3763322 | G98: 1 | H98: =F98/G98 -> 0.3763322 | I98: =H98/H96 -> 1358.5484 | J98: =FINV(0.05,G98,G96) -> 4.9646027 | K98: =F98/F94 -> 0.98786152
B99: linearité | C99: x | D99: x | E99: x | F99: =F97-F98 -> 0.0018541265 | G99: =G97-G98 -> 3 | H99: =F99/G99 -> 0.00061804215 | I99: =H99/H96 -> 2.2311145 | J99: =FINV(0.05,G99,G96) -> 3.7082648 | K99: =F99/F94 -> 0.0048670303
B101: Si Flin < F5%, outlier is detected
B103: reference system
B104: Variance commune
B105: gamme | C105: Sy/x | D105: S²x/y | E105: Fobs | F105: F crit 5% | G105: Conclusion
B106: étalon | C106: =D45 -> 0.010883821 | D106: =C106^2 -> 0.00011845756 | E106: =MAX(D106:D107)/MIN(D106:D107) -> 3.0028485 | F106: =FINV(0.05,D46,J46) -> 2.5769271 | G106: =IF(ABS(E106)<F106,"S² équivalentes","S² hétérogène") -> S² hétérogène
B107: forme R. | C107: =J45 -> 0.018860279 | D107: =C107^2 -> 0.00035571012
B109: Comparaison de la pente
B110: gamme | C110: S²commune | D110: S²d | E110: S²(b1-b2) | F110: Tobs | G110: Tcrit 5% | H110: Conclusion
B111: étalon | C111: =(D107+D106)/2 -> 0.00023708384 | D111: =C111/DEVSQ(D26:D40) -> 0.0086971206 | E111: =D111+D112 -> 0.017394241 | F111: =(C43-I43)/SQRT(E111) -> 1.2167095 | G111: =_xlfn.T.INV.2T(0.05,D46+J46) -> 2.0555294 | H111: =IF(ABS(F111)<G111,"spécifique","effet de matrice") -> spécifique
B112: forme R. | D112: =C111/DEVSQ(J26:J40) -> 0.0086971206
B113: Si Tobs < T5%, pas d'effet de matrice => méthode specifique
B115: Comparaison des ordonnées
B116: gamme | C116: Tobs | D116: Tcrit 5% | E116: Conclusion
B117: étalon | C117: =(D43-J43)/SQRT(D44^2+J44^2) -> -1.9821498 | D117: =G111 -> 2.0555294 | E117: =IF(ABS(C117)<D117,"pas de biais","biais significatif") -> pas de biais
B118: forme R.
...

Sheet justesse
B2: Accuracy study
B4: level | C4: serie | D4: X | E4: Y1 | F4: Z | G4: Rdt % | H4: Rdt% moyen | I4: S²
B5: 0.8 | C5: 1 | D5: =linéarité!J26 -> 0.24170736 | E5: =linéarité!K26 -> 0.95226966 | F5: =IF(linéarité!C$132="étalon 100%",E5/linéarité!G$131,(E5-linéarité!$J$132)/linéarité!$J$131) -> 0.24485404 | G5: =F5/D5 -> 1.0130186 | H5: =AVERAGE(G5:G7) -> 1.0558536 | I5: =VAR(G5:G7) -> 0.0018481582
C6: 2 | D6: =linéarité!J27 -> 0.24170736 | E6: =linéarité!K27 -> 1.0158855 | F6: =IF(linéarité!C$132="étalon 100%",E6/linéarité!G$132,(E6-linéarité!$J$132)/linéarité!$J$131) -> 0.26563574 | G6: =F6/D6 -> 1.0989973
C7: 3 | D7: =linéarité!J28 -> 0.24170736 | E7: =linéarité!K28 -> 0.97807908 | F7: =IF(linéarité!C$132="étalon 100%",E7/linéarité!G$133,(E7-linéarité!$J$132)/linéarité!$J$131) -> 0.25513297 | G7: =F7/D7 -> 1.0555449
B8: 0.9 | C8: 1 | D8: =linéarité!J29 -> 0.2701572 | E8: =linéarité!K29 -> 1.0626905 | F8: =IF(linéarité!C$132="étalon 100%",E8/linéarité!G$131,(E8-linéarité!$J$132)/linéarité!$J$131) -> 0.27324619 | G8: =F8/D8 -> 1.011434 | H8: =AVERAGE(G8:G10) -> 1.0169986 | I8: =VAR(G8:G10) -> 0.0001117559
C9: 2 | D9: =linéarité!J30 -> 0.2701572 | E9: =linéarité!K30 -> 1.043893 | F9: =IF(linéarité!C$132="étalon 100%",E9/linéarité!G$132,(E9-linéarité!$J$132)/linéarité!$J$131) -> 0.2729592 | G9: =F9/D9 -> 1.0103717
C10: 3 | D10: =linéarité!J31 -> 0.2701572 | E10: =linéarité!K31 -> 1.0659075 | F10: =IF(linéarité!C$132="étalon 100%",E10/linéarité!G$133,(E10-linéarité!$J$132)/linéarité!$J$131) -> 0.27804311 | G10: =F10/D10 -> 1.0291901
B11: 1 | C11: 1 | D11: =linéarité!J32 -> 0.30546756 | E11: =linéarité!K32 -> 1.2022408 | F11: =IF(linéarité!C$132="étalon 100%",E11/linéarité!G$131,(E11-linéarité!$J$132)/linéarité!$J$131) -> 0.30912832 | G11: =F11/D11 -> 1.0119841 | H11: =AVERAGE(G11:G13) -> 1.017054 | I11: =VAR(G11:G13) -> 2.3652566e-05
C12: 2 | D12: =linéarité!J33 -> 0.30546756 | E12: =linéarité!K33 -> 1.1886571 | F12: =IF(linéarité!C$132="étalon 100%",E12/linéarité!G$132,(E12-linéarité!$J$132)/linéarité!$J$131) -> 0.31081241 | G12: =F12/D12 -> 1.0174973
C13: 3 | D13: =linéarité!J34 -> 0.30546756 | E13: =linéarité!K34 -> 1.1964308 | F13: =IF(linéarité!C$132="étalon 100%",E13/linéarité!G$133,(E13-linéarité!$J$132)/linéarité!$J$131) -> 0.31209027 | G13: =F13/D13 -> 1.0216806
B14: 1.1 | C14: 1 | D14: =linéarité!J35 -> 0.33119451 | E14: =linéarité!K35 -> 1.3062505 | F14: =IF(linéarité!C$132="étalon 100%",E14/linéarité!G$131,(E14-linéarité!$J$132)/linéarité!$J$131) -> 0.33587201 | G14: =F14/D14 -> 1.0141231 | H14: =AVERAGE(G14:G16) -> 1.016862 | I14: =VAR(G14:G16) -> 2.1756767e-05
C15: 2 | D15: =linéarité!J36 -> 0.33119451 | E15: =linéarité!K36 -> 1.2947846 | F15: =IF(linéarité!C$132="étalon 100%",E15/linéarité!G$132,(E15-linéarité!$J$132)/linéarité!$J$131) -> 0.33856284 | G15: =F15/D15 -> 1.0222478
C16: 3 | D16: =linéarité!J37 -> 0.33119451 | E16: =linéarité!K37 -> 1.2877175 | F16: =IF(linéarité!C$132="étalon 100%",E16/linéarité!G$133,(E16-linéarité!$J$132)/linéarité!$J$131) -> 0.3359025 | G16: =F16/D16 -> 1.0142152
B17: 1.2 | C17: 1 | D17: =linéarité!J38 -> 0.36177615 | E17: =linéarité!K38 -> 1.4303995 | F17: =IF(linéarité!C$132="étalon 100%",E17/linéarité!G$131,(E17-linéarité!$J$132)/linéarité!$J$131) -> 0.36779402 | G17: =F17/D17 -> 1.0166342 | H17: =AVERAGE(G17:G19) -> 1.0214174 | I17: =VAR(G17:G19) -> 2.6941681e-05
C18: 2 | D18: =linéarité!J39 -> 0.36177615 | E18: =linéarité!K39 -> 1.4121744 | F18: =IF(linéarité!C$132="étalon 100%",E18/linéarité!G$132,(E18-linéarité!$J$132)/linéarité!$J$131) -> 0.36925816 | G18: =F18/D18 -> 1.0206813
C19: 3 | D19: =linéarité!J40 -> 0.36177615 | E19: =linéarité!K40 -> 1.4242656 | F19: =IF(linéarité!C$132="étalon 100%",E19/linéarité!G$133,(E19-linéarité!$J$132)/linéarité!$J$131) -> 0.37152122 | G19: =F19/D19 -> 1.0269367
B21: critical analisys of data
B22: Cochran Test
B23: Cobs | C23: =MAX(I5:I19)/SUM(I5:I19) -> 0.90940802
B24: C5% | C24: =linéarité!G70 -> 0.68377223
B25: C1% | C25: =linéarité!G71 -> 0.78852575
B27: Recouvrement Rdt%
B28: Rdt% moyen | C28: =AVERAGE(H5:H19) -> 1.0256371
B29: écart-type | C29: =STDEV(G5:G19) -> 0.023196279
B30: t (bilatéral,5%) | C30: =TINV(0.05,14) -> 2.1447867
B31: IC- (95%) | C31: =C28-C30*C29/SQRT(15) -> 1.0127915
B32: IC+ (95%) | C32: =C28+C30*C29/SQRT(15) -> 1.0384828 | D32: If 100% isn't witgin the intervall of confidente, a biais is detected
B34: End
B36: Identification | F36: ANOVA
B37: Origine | C37: niveau | D37: SS² | E37: CI | F37: SCE | G37: ddl | H37: CM | I37: Fobs | J37: F5% | K37: contribution%
B38: total | C38: =COUNT(G5:G19) -> 15 | D38: =SUM(G5:G19)^2 -> 236.68459 | E38: =D38/C38 -> 15.778973 | F38: =DEVSQ(G5:G19) -> 0.0075329429 | G38: =C38-1 -> 14 | H38: =F38/G38 -> 0.00053806735 | I38: x | J38: x | K38: =SUM(K39:K40) -> 1
B39: niveau | C39: 5 | D39: =SUM(G5:G7)^2+SUM(G8:G10)^2+SUM(G11:G13)^2+SUM(G14:G16)^2+SUM(G17:G19)^2 -> 47.347324 | E39: =D39*C39/C38 -> 15.782441 | F39: =E39-E38 -> 0.0034684126 | G39: 4 | H39: =F39/G39 -> 0.00086710315 | I39: =H39/H40 -> 2.1333416 | J39: =FINV(0.05,G39,G40) -> 3.4780497 | K39: =F39/F38 -> 0.46043262 | L39: =IF(ABS(I39)<J39,"pas d'effet niveau","effet de niveau") -> pas d'effet niveau
B40: résiduel | C40: x | D40: x | E40: x | F40: =F38-F39 -> 0.0040645303 | G40: =G38-G39 -> 10 | H40: =F40/G40 -> 0.00040645303 | I40: x | J40: x | K40: =F40/F38 -> 0.53956738
B41: Si F concentration < F5%, l'homogénéité des recouvrements est observée

Sheet fidélité
B2: Precision study
B4: serie | C4: X | D4: Y | E4: S² | F4: moyenne
B5: 1 | C5: =linéarité!J32 -> 0.30546756 | D5: =linéarité!K32 -> 1.2022408 | E5: =VAR(D5:D10) -> 2.8668135e-06 | F5: =AVERAGE(D5:D10) -> 1.1994453
C6: =C5 -> 0.30546756 | D6: =linéarité!M32 -> 1.1970534
C7: =C6 -> 0.30546756 | D7: =linéarité!N32 -> 1.1997765
C8: =C7 -> 0.30546756 | D8: =linéarité!O32 -> 1.199598
C9: =C8 -> 0.30546756 | D9: =linéarité!P32 -> 1.1993694
C10: =C9 -> 0.30546756 | D10: =linéarité!Q32 -> 1.1986334
B11: 2 | C11: =C10 -> 0.30546756 | D11: =linéarité!K33 -> 1.1886571 | E11: =VAR(D11:D16) -> 2.0528438e-06 | F11: =AVERAGE(D11:D16) -> 1.1889151
C12: =C11 -> 0.30546756 | D12: =linéarité!M33 -> 1.1899265
C13: =C12 -> 0.30546756 | D13: =linéarité!N33 -> 1.1876313
C14: =C13 -> 0.30546756 | D14: =linéarité!O33 -> 1.1909557
C15: =C14 -> 0.30546756 | D15: =linéarité!P33 -> 1.1871059
C16: =C15 -> 0.30546756 | D16: =linéarité!Q33 -> 1.1892144
B17: 3 | C17: =C16 -> 0.30546756 | D17: =linéarité!K34 -> 1.1964308 | E17: =VAR(D17:D22) -> 7.9494835e-07 | F17: =AVERAGE(D17:D22) -> 1.195983
C18: =C17 -> 0.30546756 | D18: =linéarité!M34 -> 1.1962934
C19: =C18 -> 0.30546756 | D19: =linéarité!N34 -> 1.196967
C20: =C19 -> 0.30546756 | D20: =linéarité!O34 -> 1.1960601
C21: =C20 -> 0.30546756 | D21: =linéarité!P34 -> 1.1957973
C22: =C21 -> 0.30546756 | D22: =linéarité!Q34 -> 1.1943493
B24: Critical analisys of data
B26: Cochran Test
B27: Cobs | C27: =MAX(E5:E22)/SUM(E5:E22) -> 0.50166427
B28: C5% | C28: =1/((1+(COUNT(B5:B22)-1)/FINV(0.05/COUNT(B5:B22),COUNT(C5:C10)-1,(COUNT(B5:B22)-1)*(COUNT(C5:C10)-1)))) -> 0.70698869
B29: C1% | C29: =1/((1+(COUNT(B5:B22)-1)/FINV(0.01/COUNT(B5:B22),COUNT(C5:C10)-1,(COUNT(B5:B22)-1)*(COUNT(C5:C10)-1)))) -> 0.79331907
B30: If Cobs > C5%, Identify the widest variance and the presence of outlier within (Dixon Test)
B32: Presicion
C34: S² | D34: CV%
B35: intra-série | C35: =AVERAGE(E5:E22) -> 1.9048685e-06 | D35: =SQRT(C35)/AVERAGE(F5:F22) -> 0.0011551653
B36: inter serie | C36: =IF(VAR(F5:F22)-C35/6<0,0,VAR(F5:F22)-C35/6) -> 2.8486742e-05 | D36: NA
B37: fidélité intermédiaire | C37: =C36+C35 -> 3.039161e-05 | D37: =SQRT(C37)/AVERAGE(F5:F22) -> 0.0046141159
B39: End
D41: Ecart acceptable entre 2 mesures
B42: CV+ | E42: 0.95 | F42: 0.99
B43: =D35*SQRT(CHIINV(0.05,17)/17) -> 0.0014715425 | D43: limite r | E43: =2.8*SQRT(C35) -> 0.0038644753 | F43: =4.2*SQRT(C35) -> 0.0057967129
B44: =D37*SQRT(CHIINV(0.05,17)/17) -> 0.0058778318 | D44: limite Fi | E44: =2.8*SQRT(C37) -> 0.015436004 | F44: =4.2*SQRT(C37) -> 0.023154006
B45: CV+ est l'incertitude élargie à 95% du CV calculé

Sheet robustesse
B2: Introduction
B3: Plackett-Burman designs is used for screening experiments because is very useful for detecting large main effects, assuming all interactions are negligible when compared with the few important main effects.
B4: The Plackett Burman design in 8 runs may be used for an experiment containing up to 7 factors.
B6: Parameters (from 4 to 7)
B8: Parameter
C9: parameter studied | G9: optional parameter
B10: parameter | C10: débit | D10: pH | E10: volume | F10: T°C | G10: colonne | H10: gaz | I10: éthanol
B11: level 0 | C11: 1 | D11: 7 | E11: 10 | F11: 30 | G11: 1 | H11: 20 | I11: oui
B12: level -1 | C12: 0.9 | D12: 6 | E12: 9 | F12: 29 | G12: 1 | H12: 16 | I12: non
B13: level +1 | C13: 1.1 | D13: 8 | E13: 11 | F13: 31 | G13: 2 | H13: 24 | I13: oui
B15: Experimental design
B16: The design study until 7 parameters at 2 levels
B17: 3 more essay at standard level (level 0) are performed at the beginning, the middle and at the end in order to calculate the drift of experiment
C20: Parameters | J20: Responses
B21: essay | C21: =C10 -> débit | D21: =D10 -> pH | E21: =E10 -> volume | F21: =F10 -> T°C | G21: =IF(G10="","NA",G10) -> colonne | H21: =IF(H10="","NA",H10) -> gaz | I21: =IF(I10="","NA",I10) -> éthanol | J21: Aire
B22: essai 0-1 | C22: =C11 -> 1 | D22: =D11 -> 7 | E22: =E11 -> 10 | F22: =F11 -> 30 | G22: =G11 -> 1 | H22: =H11 -> 20 | I22: =I11 -> oui | K22: 469 | U22: =C10 -> débit | V22: =D10 -> pH | W22: =E10 -> volume | X22: =F10 -> T°C | Y22: =G10 -> colonne | Z22: =H10 -> gaz | AA22: =I10 -> éthanol
B23: 1 | C23: =C13 -> 1.1 | D23: =D13 -> 8 | E23: =E13 -> 11 | F23: =F12 -> 29 | G23: =G13 -> 2 | H23: =H12 -> 16 | I23: =I12 -> non | J23: 479 | T23: 1 | U23: 1 | V23: 1 | W23: 1 | X23: -1 | Y23: 1 | Z23: -1 | AA23: -1
B24: 2 | C24: =C12 -> 0.9 | D24: =D13 -> 8 | E24: =E13 -> 11 | F24: =F13 -> 31 | G24: =G12 -> 1 | H24: =H13 -> 24 | I24: =I12 -> non | J24: 484.5 | T24: 1 | U24: -1 | V24: 1 | W24: 1 | X24: 1 | Y24: -1 | Z24: 1 | AA24: -1
B25: 3 | C25: =C12 -> 0.9 | D25: =D12 -> 6 | E25: =E13 -> 11 | F25: =F13 -> 31 | G25: =G13 -> 2 | H25: =H12 -> 16 | I25: =I13 -> oui | J25: 498.4 | T25: 1 | U25: -1 | V25: -1 | W25: 1 | X25: 1 | Y25: 1 | Z25: -1 | AA25: 1
B26: 4 | C26: =C13 -> 1.1 | D26: =D12 -> 6 | E26: =E12 -> 9 | F26: =F13 -> 31 | G26: =G13 -> 2 | H26: =H13 -> 24 | I26: =I12 -> non | J26: 465.2 | T26: 1 | U26: 1 | V26: -1 | W26: -1 | X26: 1 | Y26: 1 | Z26: 1 | AA26: -1
B27: essai 0-2 | C27: =C22 -> 1 | D27: =D22 -> 7 | E27: =E22 -> 10 | F27: =F22 -> 30 | G27: =G22 -> 1 | H27: =H22 -> 20 | I27: =I22 -> oui | K27: 469
B28: 5 | C28: =C12 -> 0.9 | D28: =D13 -> 8 | E28: =E12 -> 9 | F28: =F12 -> 29 | G28: =G13 -> 2 | H28: =H13 -> 24 | I28: =I13 -> oui | J28: 461.7 | T28: 1 | U28: -1 | V28: 1 | W28: -1 | X28: -1 | Y28: 1 | Z28: 1 | AA28: 1
B29: 6 | C29: =C13 -> 1.1 | D29: =D12 -> 6 | E29: =E13 -> 11 | F29: =F12 -> 29 | G29: =G12 -> 1 | H29: =H13 -> 24 | I29: =I13 -> oui | J29: 482.7 | T29: 1 | U29: 1 | V29: -1 | W29: 1 | X29: -1 | Y29: -1 | Z29: 1 | AA29: 1
B30: 7 | C30: =C13 -> 1.1 | D30: =D13 -> 8 | E30: =E12 -> 9 | F30: =F13 -> 31 | G30: =G12 -> 1 | H30: =H12 -> 16 | I30: =I13 -> oui | J30: 456.8 | T30: 1 | U30: 1 | V30: 1 | W30: -1 | X30: 1 | Y30: -1 | Z30: -1 | AA30: 1
B31: 8 | C31: =C12 -> 0.9 | D31: =D12 -> 6 | E31: =E12 -> 9 | F31: =F12 -> 29 | G31: =G12 -> 1 | H31: =H12 -> 16 | I31: =I12 -> non | J31: 477.6 | T31: 1 | U31: -1 | V31: -1 | W31: -1 | X31: -1 | Y31: -1 | Z31: -1 | AA31: -1
B32: essai 0-3 | C32: =C27 -> 1 | D32: =D27 -> 7 | E32: =E27 -> 10 | F32: =F27 -> 30 | G32: =G27 -> 1 | H32: =H27 -> 20 | I32: =I27 -> oui | K32: 471
B34: Critical analysis of data
B37: Contraste | C37: moyenne | D37: =C21 -> débit | E37: =D21 -> pH | F37: =E21 -> volume | G37: =F21 -> T°C | H37: =G21 -> colonne | I37: =H21 -> gaz | J37: =I21 -> éthanol | K37: dérive%
B38: =J21 -> Aire | C38: =SUMPRODUCT(T23:T31,$J$23:$J$31)/8 -> 475.7375 | D38: =SUMPRODUCT(U23:U31,$J$23:$J$31)/8 -> -4.8125 | E38: =SUMPRODUCT(V23:V31,$J$23:$J$31)/8 -> -5.2375 | F38: =SUMPRODUCT(W23:W31,$J$23:$J$31)/8 -> 10.4125 | G38: =SUMPRODUCT(X23:X31,$J$23:$J$31)/8 -> 0.4875 | H38: =SUMPRODUCT(Y23:Y31,$J$23:$J$31)/8 -> 0.3375 | I38: =SUMPRODUCT(Z23:Z31,$J$23:$J$31)/8 -> -2.2125 | J38: =IF(I10="","",SUMPRODUCT(AA23:AA31,$J$23:$J$31)/8) -> -0.8375 | K38: =(K22-K32)/K32 -> -0.0042462845
B39: Résol. Ap | C39: =SUMPRODUCT(T23:T31,$L$23:$L$31)/8 -> 0 | D39: =SUMPRODUCT(U23:U31,$L$23:$L$31)/8 -> 0 | E39: =SUMPRODUCT(V23:V31,$L$23:$L$31)/8 -> 0 | F39: =SUMPRODUCT(W23:W31,$L$23:$L$31)/8 -> 0 | G39: =SUMPRODUCT(X23:X31,$L$23:$L$31)/8 -> 0 | H39: =IF(G10="","",SUMPRODUCT(Y23:Y31,$L$23:$L$31)/8) -> 0 | I39: =IF(H10="","",SUMPRODUCT(Z23:Z31,$L$23:$L$31)/8) -> 0 | J39: =IF(I10="","",SUMPRODUCT(AA23:AA31,$L$23:$L$31)/8) -> 0 | K39: =(M22-M32)/M32 -> #DIV/0!
B40: Tr BDDE | C40: =SUMPRODUCT(T23:T31,$N$23:$N$31)/8 -> 0 | D40: =SUMPRODUCT(U23:U31,$N$23:$N$31)/8 -> 0 | E40: =SUMPRODUCT(V23:V31,$N$23:$N$31)/8 -> 0 | F40: =SUMPRODUCT(W23:W31,$N$23:$N$31)/8 -> 0 | G40: =SUMPRODUCT(X23:X31,$N$23:$N$31)/8 -> 0 | H40: =IF(G10="","",SUMPRODUCT(Y23:Y31,$N$23:$N$31)/8) -> 0 | I40: =IF(H10="","",SUMPRODUCT(Z23:Z31,$N$23:$N$31)/8) -> 0 | J40: =IF(I10="","",SUMPRODUCT(AA23:AA31,$N$23:$N$31)/8) -> 0 | K40: =(O22-O32)/O32 -> #DIV/0!
B41: Tr EI | D41: =SUMPRODUCT(U23:U31,$P$23:$P$31)/8 -> 0 | E41: =SUMPRODUCT(V23:V31,$P$23:$P$31)/8 -> 0 | F41: =SUMPRODUCT(W23:W31,$P$23:$P$31)/8 -> 0 | G41: =SUMPRODUCT(X23:X31,$P$23:$P$31)/8 -> 0 | H41: =IF(G10="","",SUMPRODUCT(Y23:Y31,$P$23:$P$31)/8) -> 0 | I41: =IF(H10="","",SUMPRODUCT(Z23:Z31,$P$23:$P$31)/8) -> 0 | J41: =IF(I10="","",SUMPRODUCT(AA23:AA31,$P$23:$P$31)/8) -> 0 | K41: =(Q22-Q32)/Q32 -> #DIV/0!
B42: Aire | C42: =SUMPRODUCT(T23:T31,$R$23:$R$31)/8 -> 0 | D42: =SUMPRODUCT(U23:U31,$R$23:$R$31)/8 -> 0 | E42: =SUMPRODUCT(V23:V31,$R$23:$R$31)/8 -> 0 | F42: =SUMPRODUCT(W23:W31,$R$23:$R$31)/8 -> 0 | G42: =SUMPRODUCT(X23:X31,$R$23:$R$31)/8 -> 0 | H42: =IF(G11="","",SUMPRODUCT(Y23:Y31,$R$23:$R$31)/8) -> 0 | I42: =IF(H11="","",SUMPRODUCT(Z23:Z31,$R$23:$R$31)/8) -> 0 | J42: =IF(I11="","",SUMPRODUCT(AA23:AA31,$R$23:$R$31)/8) -> 0 | K42: =(S22-S32)/S32 -> #DIV/0!
B44: Contrast : du niveau 0 à +1 l'impact est de :
B60: End
B62: Graphiques des contributions
C76: R² | D76: =J85 -> 0.94077545 | F76: R² | G76: =S85 -> #NUM! | J76: R² | K76: =J101 -> #NUM! | N76: R² | O76: =S101 -> #NUM! | R76: R² | S76: =J117 -> #NUM!
B77: R² > 90 is considered as a good model
B81: Résolution avant | K81: Résolution après
B82: Identification | E82: ANOVA | K82: Identification | N82: ANOVA
B83: Origine | C83: niveau | D83: contraste | E83: SCE | F83: ddl | G83: CM | H83: Fobs | I83: F5% | J83: contribution | K83: Origine | L83: niveau | M83: contraste | N83: SCE | O83: ddl | P83: CM | Q83: Fobs | R83: F5% | S83: contribution
B84: TOTAL | C84: =COUNT(J22:K32) -> 11 | D84: x | E84: =DEVSQ(J22:K32) -> 1402.7564 | F84: =C84-1 -> 10 | G84: =E84/F84 -> 140.27564 | H84: x | I84: x | J84: =SUM(J86:J93,J95) -> 1 | K84: TOTAL | L84: =C84 -> 11 | M84: x | N84: =DEVSQ(L22:M32) -> #NUM! | O84: =L84-1 -> 10 | P84: =N84/O84 -> #NUM! | Q84: x | R84: x | S84: =SUM(S86:S93,S95) -> #NUM!
B85: modèle | C85: =COUNT(J23:J31) -> 8 | D85: x | E85: =SUM(E87:E93) -> 1319.6788 | F85: =SUM(F87:F93) -> 7 | G85: =E85/F85 -> 188.52554 | H85: =G85/G86 -> 212.09123 | I85: =FINV(0.05,F85,F86) -> 8.886743 | J85: =SUM(J87:J93) -> 0.94077545 | K85: modèle | L85: =C85 -> 8 | M85: x | N85: =SUM(N87:N93) -> 0 | O85: =SUM(O87:O93) -> 7 | P85: =N85/O85 -> 0 | Q85: =P85/P86 -> #NUM! | R85: =FINV(0.05,O85,O86) -> 8.886743 | S85: =SUM(S87:S93) -> #NUM!
B86: résiduel | C86: x | D86: x | E86: =E84-E85-E95 -> 2.6666667 | F86: =F84-F85 -> 3 | G86: =E86/F86 -> 0.88888889 | H86: x | I86: x | J86: =E86/E84 -> 0.0019010191 | K86: résiduel | L86: x | M86: x | N86: =N84-N85-N95 -> #NUM! | O86: =O84-O85 -> 3 | P86: =N86/O86 -> #NUM! | Q86: x | R86: x | S86: =N86/N84 -> #NUM!
B87: =C10 -> débit | C87: 2 | D87: =D38 -> -4.8125 | E87: =D87^2*C$85 -> 185.28125 | F87: =C87-1 -> 1 | G87: =E87/F87 -> 185.28125 | H87: =G87/$G$86 -> 208.44141 | I87: =FINV(0.05,F87,$F$86) -> 10.127964 | J87: =E87/$E$84 -> 0.1320837 | K87: =B87 -> débit | L87: =C87 -> 2 | M87: =D39 -> 0 | N87: =M87^2*C$85 -> 0 | O87: =L87-1 -> 1 | P87: =N87/O87 -> 0 | Q87: =P87/$G$86 -> 0 | R87: =FINV(0.05,O87,$F$86) -> 10.127964 | S87: =N87/$N$84 -> #NUM!
B88: =D10 -> pH | C88: 2 | D88: =E38 -> -5.2375 | E88: =D88^2*C$85 -> 219.45125 | F88: =C88-1 -> 1 | G88: =E88/F88 -> 219.45125 | H88: =G88/$G$86 -> 246.88266 | I88: =FINV(0.05,F88,$F$86) -> 10.127964 | J88: =E88/$E$84 -> 0.15644288 | K88: =B88 -> pH | L88: =C88 -> 2 | M88: =E39 -> 0 | N88: =M88^2*C$85 -> 0 | O88: =L88-1 -> 1 | P88: =N88/O88 -> 0 | Q88: =P88/$G$86 -> 0 | R88: =FINV(0.05,O88,$F$86) -> 10.127964 | S88: =N88/$N$84 -> #NUM!
B89: =E10 -> volume | C89: 2 | D89: =F38 -> 10.4125 | E89: =D89^2*C$85 -> 867.36125 | F89: =C89-1 -> 1 | G89: =E89/F89 -> 867.36125 | H89: =G89/$G$86 -> 975.78141 | I89: =FINV(0.05,F89,$F$86) -> 10.127964 | J89: =E89/$E$84 -> 0.61832637 | K89: =B89 -> volume | L89: =C89 -> 2 | M89: =F39 -> 0 | N89: =M89^2*C$85 -> 0 | O89: =L89-1 -> 1 | P89: =N89/O89 -> 0 | Q89: =P89/$G$86 -> 0 | R89: =FINV(0.05,O89,$F$86) -> 10.127964 | S89: =N89/$N$84 -> #NUM!
B90: =F10 -> T°C | C90: 2 | D90: =G38 -> 0.4875 | E90: =D90^2*C$85 -> 1.90125 | F90: =C90-1 -> 1 | G90: =E90/F90 -> 1.90125 | H90: =G90/$G$86 -> 2.1389063 | I90: =FINV(0.05,F90,$F$86) -> 10.127964 | J90: =E90/$E$84 -> 0.0013553672 | K90: =B90 -> T°C | L90: =C90 -> 2 | M90: =G39 -> 0 | N90: =M90^2*C$85 -> 0 | O90: =L90-1 -> 1 | P90: =N90/O90 -> 0 | Q90: =P90/$G$86 -> 0 | R90: =FINV(0.05,O90,$F$86) -> 10.127964 | S90: =N90/$N$84 -> #NUM!
B91: =IF(G10="","",G10) -> colonne | C91: =IF(B91="","",2) -> 2 | D91: =H38 -> 0.3375 | E91: =IF(B91="","",D91^2*C$85) -> 0.91125 | F91: =IF(B91="","",C91-1) -> 1 | G91: =IF(B91="","",E91/F91) -> 0.91125 | H91: =IF(B91="","",G91/$G$86) -> 1.0251563 | I91: =IF(B91="","",FINV(0.05,F91,$F$86)) -> 10.127964 | J91: =IF(B91="","",E91/$E$84) -> 0.00064961388 | K91: =B91 -> colonne | L91: =C91 -> 2 | M91: =H39 -> 0 | N91: =IF(K91="","",M91^2*C$85) -> 0 | O91: =IF(K91="","",L91-1) -> 1 | P91: =IF(K91="","",N91/O91) -> 0 | Q91: =IF(K91="","",P91/$G$86) -> 0 | R91: =IF(K91="","",FINV(0.05,O91,$F$86)) -> 10.127964 | S91: =IF(K91="","",N91/$N$84) -> #NUM!
B92: =IF(H10="","",H10) -> gaz | C92: =IF(B92="","",2) -> 2 | D92: =I38 -> -2.2125 | E92: =IF(B92="","",D92^2*C$85) -> 39.16125 | F92: =IF(B92="","",C92-1) -> 1 | G92: =IF(B92="","",E92/F92) -> 39.16125 | H92: =IF(B92="","",G92/$G$86) -> 44.056406 | I92: =IF(B92="","",FINV(0.05,F92,$F$86)) -> 10.127964 | J92: =IF(B92="","",E92/$E$84) -> 0.027917357 | K92: =B92 -> gaz | L92: =C92 -> 2 | M92: =I39 -> 0 | N92: =IF(K92="","",M92^2*C$85) -> 0 | O92: =IF(K92="","",L92-1) -> 1 | P92: =IF(K92="","",N92/O92) -> 0 | Q92: =IF(K92="","",P92/$G$86) -> 0 | R92: =IF(K92="","",FINV(0.05,O92,$F$86)) -> 10.127964 | S92: =IF(K92="","",N92/$N$84) -> #NUM!
B93: =IF(I10="","",I10) -> éthanol | C93: =IF(B93="","",2) -> 2 | D93: =J38 -> -0.8375 | E93: =IF(B93="","",D93^2*C$85) -> 5.61125 | F93: =IF(B93="","",C93-1) -> 1 | G93: =IF(B93="","",E93/F93) -> 5.61125 | H93: =IF(B93="","",G93/$G$86) -> 6.3126563 | I93: =IF(B93="","",FINV(0.05,F93,$F$86)) -> 10.127964 | J93: =IF(B93="","",E93/$E$84) -> 0.0040001601 | K93: =B93 -> éthanol | L93: =C93 -> 2 | M93: =J39 -> 0 | N93: =IF(K93="","",M93^2*C$85) -> 0 | O93: =IF(K93="","",L93-1) -> 1 | P93: =IF(K93="","",N93/O93) -> 0 | Q93: =IF(K93="","",P93/$G$86) -> 0 | R93: =IF(K93="","",FINV(0.05,O93,$F$86)) -> 10.127964 | S93: =IF(K93="","",N93/$N$84) -> #NUM!
B94: centre | C94: =COUNT(K22:K32) -> 3 | D94: x | E94: =DEVSQ(K22:K32) -> 2.6666667 | F94: =C94-1 -> 2 | G94: =E94/F94 -> 1.3333333 | H94: x | I94: x | J94: =E94/E84 -> 0.0019010191 | K94: centre | L94: =C94 -> 3 | M94: x | N94: =DEVSQ(M22:M32) -> #NUM! | O94: =L94-1 -> 2 | P94: =N94/O94 -> #NUM! | Q94: x | R94: x | S94: =N94/N84 -> #NUM!
B95: ajustement | C95: x | D95: x | E95: =C94*C85*(AVERAGE(J23:J31)-AVERAGE(K22:K32))^2/C84 -> 80.410947 | F95: 1 | G95: =E95/F95 -> 80.410947 | H95: =G95/G94 -> 60.30821 | I95: =FINV(0.05,F95,F94) -> 18.512821 | J95: =E95/E84 -> 0.05732353 | K95: ajustement | L95: =C95 -> x | M95: x | N95: =L94*L85*(AVERAGE(L23:L31)-AVERAGE(M22:M32))^2/L84 -> #DIV/0! | O95: 1 | P95: =N95/O95 -> #DIV/0! | Q95: =P95/P94 -> #DIV/0! | R95: =FINV(0.05,O95,O94) -> 18.512821 | S95: =N95/N84 -> #DIV/0!
B97: facteur de rétention BDDE | K97: facteur de rétention EI
B98: Identification | E98: ANOVA | K98: Identification | N98: ANOVA
B99: Origine | C99: niveau | D99: contraste | E99: SCE | F99: ddl | G99: CM | H99: Fobs | I99: F5% | J99: contribution | K99: Origine | L99: niveau | M99: contraste | N99: SCE | O99: ddl | P99: CM | Q99: Fobs | R99: F5% | S99: contribution
B100: TOTAL | C100: =C84 -> 11 | D100: x | E100: =DEVSQ(N22:O32) -> #NUM! | F100: =C100-1 -> 10 | G100: =E100/F100 -> #NUM! | H100: x | I100: x | J100: =SUM(J102:J109,J111) -> #NUM! | K100: TOTAL | L100: =C84 -> 11 | M100: x | N100: =DEVSQ(P22:Q32) -> #NUM! | O100: =L100-1 -> 10 | P100: =N100/O100 -> #NUM! | Q100: x | R100: x | S100: =SUM(S102:S109,S111) -> #NUM!
B101: modèle | C101: =C85 -> 8 | D101: x | E101: =SUM(E103:E109) -> 0 | F101: =SUM(F103:F109) -> 7 | G101: =E101/F101 -> 0 | H101: =G101/G102 -> #NUM! | I101: =FINV(0.05,F101,F102) -> 8.886743 | J101: =SUM(J103:J109) -> #NUM! | K101: modèle | L101: =C85 -> 8 | M101: x | N101: =SUM(N103:N109) -> 0 | O101: =SUM(O103:O109) -> 7 | P101: =N101/O101 -> 0 | Q101: =P101/P102 -> #NUM! | R101: =FINV(0.05,O101,O102) -> 8.886743 | S101: =SUM(S103:S109) -> #NUM!
B102: résiduel | C102: =C86 -> x | D102: x | E102: =E100-E101-E111 -> #NUM! | F102: =F100-F101 -> 3 | G102: =E102/F102 -> #NUM! | H102: x | I102: x | J102: =E102/E100 -> #NUM! | K102: résiduel | L102: =C86 -> x | M102: x | N102: =N100-N101-N111 -> #NUM! | O102: =O100-O101 -> 3 | P102: =N102/O102 -> #NUM! | Q102: x | R102: x | S102: =N102/N100 -> #NUM!
B103: =B87 -> débit | C103: =C87 -> 2 | D103: =D40 -> 0 | E103: =D103^2*C$85 -> 0 | F103: =C103-1 -> 1 | G103: =E103/F103 -> 0 | H103: =G103/$G$86 -> 0 | I103: =FINV(0.05,F103,$F$86) -> 10.127964 | J103: =E103/$E$100 -> #NUM! | K103: =B87 -> débit | L103: =C87 -> 2 | M103: =D41 -> 0 | N103: =M103^2*C$85 -> 0 | O103: =L103-1 -> 1 | P103: =N103/O103 -> 0 | Q103: =P103/$G$86 -> 0 | R103: =FINV(0.05,O103,$F$86) -> 10.127964 | S103: =N103/$N$100 -> #NUM!
B104: =B88 -> pH | C104: =C88 -> 2 | D104: =E40 -> 0 | E104: =D104^2*C$85 -> 0 | F104: =C104-1 -> 1 | G104: =E104/F104 -> 0 | H104: =G104/$G$86 -> 0 | I104: =FINV(0.05,F104,$F$86) -> 10.127964 | J104: =E104/$E$100 -> #NUM! | K104: =B88 -> pH | L104: =C88 -> 2 | M104: =E41 -> 0 | N104: =M104^2*C$85 -> 0 | O104: =L104-1 -> 1 | P104: =N104/O104 -> 0 | Q104: =P104/$G$86 -> 0 | R104: =FINV(0.05,O104,$F$86) -> 10.127964 | S104: =N104/$N$100 -> #NUM!
B105: =B89 -> volume | C105: =C89 -> 2 | D105: =F40 -> 0 | E105: =D105^2*C$85 -> 0 | F105: =C105-1 -> 1 | G105: =E105/F105 -> 0 | H105: =G105/$G$86 -> 0 | I105: =FINV(0.05,F105,$F$86) -> 10.127964 | J105: =E105/$E$100 -> #NUM! | K105: =B89 -> volume | L105: =C89 -> 2 | M105: =F41 -> 0 | N105: =M105^2*C$85 -> 0 | O105: =L105-1 -> 1 | P105: =N105/O105 -> 0 | Q105: =P105/$G$86 -> 0 | R105: =FINV(0.05,O105,$F$86) -> 10.127964 | S105: =N105/$N$100 -> #NUM!
B106: =B90 -> T°C | C106: =C90 -> 2 | D106: =G40 -> 0 | E106: =D106^2*C$85 -> 0 | F106: =C106-1 -> 1 | G106: =E106/F106 -> 0 | H106: =G106/$G$86 -> 0 | I106: =FINV(0.05,F106,$F$86) -> 10.127964 | J106: =E106/$E$100 -> #NUM! | K106: =B90 -> T°C | L106: =C90 -> 2 | M106: =G41 -> 0 | N106: =M106^2*C$85 -> 0 | O106: =L106-1 -> 1 | P106: =N106/O106 -> 0 | Q106: =P106/$G$86 -> 0 | R106: =FINV(0.05,O106,$F$86) -> 10.127964 | S106: =N106/$N$100 -> #NUM!
B107: =B91 -> colonne | C107: =C91 -> 2 | D107: =H40 -> 0 | E107: =IF(B107="","",D107^2*C$85) -> 0 | F107: =IF(B107="","",C107-1) -> 1 | G107: =IF(B107="","",E107/F107) -> 0 | H107: =IF(B107="","",G107/$G$86) -> 0 | I107: =IF(B107="","",FINV(0.05,F107,$F$86)) -> 10.127964 | J107: =IF(B107="","",E107/$E$100) -> #NUM! | K107: =B91 -> colonne | L107: =C91 -> 2 | M107: =H41 -> 0 | N107: =IF(K107="","",M107^2*C$85) -> 0 | O107: =IF(K107="","",L107-1) -> 1 | P107: =IF(K107="","",N107/O107) -> 0 | Q107: =IF(K107="","",P107/$G$86) -> 0 | R107: =IF(K107="","",FINV(0.05,O107,$F$86)) -> 10.127964 | S107: =IF(K107="","",N107/$N$100) -> #NUM!
B108: =B92 -> gaz | C108: =C92 -> 2 | D108: =I40 -> 0 | E108: =IF(B108="","",D108^2*C$85) -> 0 | F108: =IF(B108="","",C108-1) -> 1 | G108: =IF(B108="","",E108/F108) -> 0 | H108: =IF(B108="","",G108/$G$86) -> 0 | I108: =IF(B108="","",FINV(0.05,F108,$F$86)) -> 10.127964 | J108: =IF(B108="","",E108/$E$100) -> #NUM! | K108: =B92 -> gaz | L108: =C92 -> 2 | M108: =I41 -> 0 | N108: =IF(K108="","",M108^2*C$85) -> 0 | O108: =IF(K108="","",L108-1) -> 1 | P108: =IF(K108="","",N108/O108) -> 0 | Q108: =IF(K108="","",P108/$G$86) -> 0 | R108: =IF(K108="","",FINV(0.05,O108,$F$86)) -> 10.127964 | S108: =IF(K108="","",N108/$N$100) -> #NUM!
B109: =B93 -> éthanol | C109: =C93 -> 2 | D109: =J40 -> 0 | E109: =IF(B109="","",D109^2*C$85) -> 0 | F109: =IF(B109="","",C109-1) -> 1 | G109: =IF(B109="","",E109/F109) -> 0 | H109: =IF(B109="","",G109/$G$86) -> 0 | I109: =IF(B109="","",FINV(0.05,F109,$F$86)) -> 10.127964 | J109: =IF(B109="","",E109/$E$100) -> #NUM! | K109: =B93 -> éthanol | L109: =C93 -> 2 | M109: =J41 -> 0 | N109: =IF(K109="","",M109^2*C$85) -> 0 | O109: =IF(K109="","",L109-1) -> 1 | P109: =IF(K109="","",N109/O109) -> 0 | Q109: =IF(K109="","",P109/$G$86) -> 0 | R109: =IF(K109="","",FINV(0.05,O109,$F$86)) -> 10.127964 | S109: =IF(K109="","",N109/$N$100) -> #NUM!
B110: centre | C110: =C94 -> 3 | D110: x | E110: =DEVSQ(O22:O32) -> #NUM! | F110: =C110-1 -> 2 | G110: =E110/F110 -> #NUM! | H110: x | I110: x | J110: =E110/E100 -> #NUM! | K110: centre | L110: =C94 -> 3 | M110: x | N110: =DEVSQ(Q22:Q32) -> #NUM! | O110: =L110-1 -> 2 | P110: =N110/O110 -> #NUM! | Q110: x | R110: x | S110: =N110/N100 -> #NUM!
B111: ajustement | C111: =C95 -> x | D111: x | E111: =C110*C101*(AVERAGE(N23:N31)-AVERAGE(O22:O32))^2/C100 -> #DIV/0! | F111: 1 | G111: =E111/F111 -> #DIV/0! | H111: =G111/G110 -> #DIV/0! | I111: =FINV(0.05,F111,F110) -> 18.512821 | J111: =E111/E100 -> #DIV/0! | K111: ajustement | L111: =C95 -> x | M111: x | N111: =L110*L101*(AVERAGE(P23:P31)-AVERAGE(Q22:Q32))^2/L100 -> #DIV/0! | O111: 1 | P111: =N111/O111 -> #DIV/0! | Q111: =P111/P110 -> #DIV/0! | R111: =FINV(0.05,O111,O110) -> 18.512821 | S111: =N111/N100 -> #DIV/0!
B113: Ratio
B114: Identification | E114: ANOVA
B115: Origine | C115: niveau | D115: contraste | E115: SCE | F115: ddl | G115: CM | H115: Fobs | I115: F5% | J115: contribution
B116: TOTAL | C116: 11 | D116: x | E116: =DEVSQ(R22:S32) -> #NUM! | F116: =C116-1 -> 10 | G116: =E116/F116 -> #NUM! | H116: x | I116: x | J116: =SUM(J118:J125,J127) -> #NUM!
B117: modèle | C117: 8 | D117: x | E117: =SUM(E119:E125) -> 0 | F117: =SUM(F119:F125) -> 7 | G117: =E117/F117 -> 0 | H117: =G117/G118 -> #NUM! | I117: =FINV(0.05,F117,F118) -> 8.886743 | J117: =SUM(J119:J125) -> #NUM!
B118: résiduel | C118: =C102 -> x | D118: x | E118: =E116-E117-E127 -> #NUM! | F118: =F116-F117 -> 3 | G118: =E118/F118 -> #NUM! | H118: x | I118: x | J118: =E118/E116 -> #NUM!
B119: =B103 -> débit | C119: =C103 -> 2 | D119: =D42 -> 0 | E119: =D119^2*C$117 -> 0 | F119: =C119-1 -> 1 | G119: =E119/F119 -> 0 | H119: =G119/$G$118 -> #NUM! | I119: =FINV(0.05,F119,$F$118) -> 10.127964 | J119: =E119/$E$116 -> #NUM!
B120: =B104 -> pH | C120: =C104 -> 2 | D120: =E42 -> 0 | E120: =D120^2*C$117 -> 0 | F120: =C120-1 -> 1 | G120: =E120/F120 -> 0 | H120: =G120/$G$118 -> #NUM! | I120: =FINV(0.05,F120,$F$118) -> 10.127964 | J120: =E120/$E$116 -> #NUM!
B121: =B105 -> volume | C121: =C105 -> 2 | D121: =F42 -> 0 | E121: =D121^2*C$117 -> 0 | F121: =C121-1 -> 1 | G121: =E121/F121 -> 0 | H121: =G121/$G$118 -> #NUM! | I121: =FINV(0.05,F121,$F$118) -> 10.127964 | J121: =E121/$E$116 -> #NUM!
B122: =B106 -> T°C | C122: =C106 -> 2 | D122: =G42 -> 0 | E122: =D122^2*C$117 -> 0 | F122: =C122-1 -> 1 | G122: =E122/F122 -> 0 | H122: =G122/$G$118 -> #NUM! | I122: =FINV(0.05,F122,$F$118) -> 10.127964 | J122: =E122/$E$116 -> #NUM!
B123: =B107 -> colonne | C123: =C107 -> 2 | D123: =H42 -> 0 | E123: =D123^2*C$117 -> 0 | F123: =IF(B123="","",C123-1) -> 1 | G123: =IF(B123="","",E123/F123) -> 0 | H123: =G123/$G$118 -> #NUM! | I123: =FINV(0.05,F123,$F$118) -> 10.127964 | J123: =IF(B123="","",E123/$E$116) -> #NUM!
B124: =B108 -> gaz | C124: =C108 -> 2 | D124: =I42 -> 0 | E124: =D124^2*C$117 -> 0 | F124: =IF(B124="","",C124-1) -> 1 | G124: =IF(B124="","",E124/F124) -> 0 | H124: =G124/$G$118 -> #NUM! | I124: =FINV(0.05,F124,$F$118) -> 10.127964 | J124: =IF(B124="","",E124/$E$116) -> #NUM!
B125: =B109 -> éthanol | C125: =C109 -> 2 | D125: =J42 -> 0 | E125: =IF(B125="","",D125^2*C$85) -> 0 | F125: =IF(B125="","",C125-1) -> 1 | G125: =IF(B125="","",E125/F125) -> 0 | H125: =IF(B125="","",G125/$G$86) -> 0 | I125: =IF(B125="","",FINV(0.05,F125,$F$86)) -> 10.127964 | J125: =IF(B125="","",E125/$E$116) -> #NUM!
B126: centre | C126: 3 | D126: x | E126: =DEVSQ(S22:S32) -> #NUM! | F126: =C126-1 -> 2 | G126: =E126/F126 -> #NUM! | H126: x | I126: x | J126: =E126/E116 -> #NUM!
B127: ajustement | C127: =C111 -> x | D127: x | E127: =C126*C117*(AVERAGE(R23:R31)-AVERAGE(S22:S32))^2/C116 -> #DIV/0! | F127: 1 | G127: =E127/F127 -> #DIV/0! | H127: =G127/G126 -> #DIV/0! | I127: =FINV(0.05,F127,F126) -> 18.512821 | J127: =E127/E116 -> #DIV/0!
B129: Fin

Sheet LOQLOD
B2: Limit of detection
B3: perform 6 indenpdants samples
C5: blank | E5: unité de la réponse | G5: mg/L
B6: série 1
B7: série 2 | E7: Sb | F7: LOD
B8: série 3 | E8: =STDEV(C6:C11) -> #DIV/0! | F8: =3.3*E8 -> #DIV/0!
B9: série 4
B10: série 5 | E10: LOD is estimate at k = 3,3 blank standard deviation devide by slope calibration
B11: série 6 | E11: Blank is the matrix without API
B13: Limit of quantification
B15: LOD est estimated at k = 10 blank standard deviation | I15: LOQ
B16: its accuracy and precision are verified | I16: =10*E8 -> #DIV/0!
B18: Accuracy of the LOQ
B19: 6 independants samples preparation at "LOQ concentration" are analysed in repetability condition
C21: Y | D21: LOQ | E21: Rdt % | F21: mean Rdt% | G21: RSD
B22: série 1 | D22: =I16 -> #DIV/0! | E22: =C22/D22 -> #DIV/0! | F22: =AVERAGE(E22:E27) -> #DIV/0! | G22: =STDEV(C22:C27)/AVERAGE(C22:C27) -> #DIV/0!
B23: série 2 | D23: =D22 -> #DIV/0! | E23: =C23/D23 -> #DIV/0!
B24: série 3 | D24: =D23 -> #DIV/0! | E24: =C24/D24 -> #DIV/0!
B25: série 4 | D25: =D24 -> #DIV/0! | E25: =C25/D25 -> #DIV/0!
B26: série 5 | D26: =D25 -> #DIV/0! | E26: =C26/D26 -> #DIV/0!
B27: série 6 | D27: =D26 -> #DIV/0! | E27: =C27/D27 -> #DIV/0!
F28: "+ ou - 10%" | G28: <10%
B31: End

Sheet inter-operators
A2: inter operator effect
C4: Operator | H4: Cochran
B5: sample | C5: 1 | D5: 2 | E5: 3 | H5: Cobs | I5: =MAX(C13:E13)/AVERAGE(C12:E12) -> #DIV/0!
B6: 1 | H6: C5% | I6: 0.707
B7: 2
B8: 3 | H8: S²r | I8: =AVERAGE(C13:E13) -> #DIV/0!
B9: 4 | H9: S²R | I9: =IF(VAR(C12:E12)-I8/6<0,0+I8,VAR(C12:E12)-I8/6+I8) -> #DIV/0!
B10: 5
B11: 6 | H11: SDR%r | I11: =I8/AVERAGE(C12:E12) -> #DIV/0! | J11: < 2,0%
B12: Mean | C12: =AVERAGE(C6:C11) -> #DIV/0! | D12: =AVERAGE(D6:D11) -> #DIV/0! | E12: =AVERAGE(E6:E11) -> #DIV/0! | H12: SDR%R | I12: =I9/AVERAGE(C12:E12) -> #DIV/0! | J12: < 3,0%
B13: S²r | C13: =VAR(C6:C11) -> #DIV/0! | D13: =VAR(D6:D11) -> #DIV/0! | E13: =VAR(E6:E11) -> #DIV/0!
A15: End

Sheet system suitability
B1: SYSTEM SUITABILITY
B2: Référence de la série analytique :
B4: Calibration - Standards
B6: Standard | C6: Ratio Aire BDDE/ Aire EI | D6: Moyenne | E6: % RSD | F6: Critère d'acceptation | G6: Conformité
B7: WS-1 | C7: =#REF! -> #REF! | D7: =AVERAGE(C7:C12) -> #REF! | E7: =STDEV(C7:C12)/D7 -> #REF! | F7: % RSD ≤ 2% | G7: =IF(E7<=2%,"CONFORME","NON CONFORME") -> #REF!
C8: =#REF! -> #REF!
C9: =#REF! -> #REF!
C10: =#REF! -> #REF!
C11: =#REF! -> #REF!
C12: =#REF! -> #REF!
B13: WS-2 | C13: =#REF! -> #REF! | D13: =AVERAGE(C13:C18) -> #REF! | E13: =STDEV(C13:C18)/D13 -> #REF! | G13: =IF(E13<=2%,"CONFORME","NON CONFORME") -> #REF!
C14: =#REF! -> #REF!
C15: =#REF! -> #REF!
C16: =#REF! -> #REF!
C17: =#REF! -> #REF!
C18: =#REF! -> #REF!
B20: Tailing Factor (USP Tailing) : Critère d'acceptation : 0.8 ≤ TF ≤ 1.5
C22: TF BDDE | D22: Conformité | E22: TF EI | F22: Conformité
B23: WS-1 1 | C23: / | D23: N/A | E23: / | F23: N/A
B24: WS-2 1 | C24: / | D24: N/A | E24: / | F24: N/A
B25: WS-2 dérive 1 | C25: / | D25: N/A | E25: / | F25: N/A
B26: WS-2 dérive 2 | C26: / | D26: N/A | E26: / | F26: N/A
B27: WS-2 dérive 3 | C27: / | D27: N/A | E27: / | F27: N/A
B28: WS-2 dérive 4 | C28: / | D28: N/A | E28: / | F28: N/A
B30: Résolution : Critère d'acceptation : R1 et R2 ≥ 1.5
C31: R1 | D31: Conformité | E31: R2 | F31: Conformité
B32: WS-1 1 | C32: / | D32: N/A | E32: / | F32: N/A
B33: WS-2 1 | C33: / | D33: N/A | E33: / | F33: N/A
B34: WS-2 dérive 1 | C34: / | D34: N/A | E34: / | F34: N/A
B35: WS-2 dérive 2 | C35: / | D35: N/A | E35: / | F35: N/A
B36: WS-2 dérive 3 | C36: / | D36: N/A | E36: / | F36: N/A
B37: WS-2 dérive 4 | C37: / | D37: N/A | E37: / | F37: N/A
B39: Contrôle de pesée
C40: m (mg) | D40: Ratio WS moyen | E40: Contrôle de pesée | F40: Critère d'acceptation | G40: Conformité
B41: BDDE SS1 | C41: =#REF! -> #REF! | D41: =D7 -> #REF! | E41: =(C41*D42)/(C42*D41) -> #REF! | F41: 98.0% - 102.0% | G41: =IF(AND(E41>=98%,E41<=102%),"CONFORME","NON CONFORME") -> #REF!
B42: BDDE SS2 | C42: =#REF! -> #REF! | D42: =D13 -> #REF!
B44: Recouvrements - Dérives
C45: [BDDE]théo | D45: Ratio | E45: Recouvrement | F45: Moyenne | G45: Critère d'acceptation | H45: Conformité
B46: WS3-2 | C46: =#REF! -> #REF! | D46: / | E46: =IF(D46="/","/",(D46*#REF!/AVERAGE($C$7:$C$12))/$C$46) -> / | F46: =AVERAGE(E46:E51) -> #DIV/0! | G46: 98.0% - 102.0% | H46: =IF(AND(F46<=102%,F46>=98%),"CONFORME","NON CONFORME") -> #DIV/0!
D47: / | E47: =IF(D47="/","/",(D47*#REF!/AVERAGE($C$7:$C$12))/$C$46) -> /
D48: / | E48: =IF(D48="/","/",(D48*#REF!/AVERAGE($C$7:$C$12))/$C$46) -> /
D49: / | E49: =IF(D49="/","/",(D49*#REF!/AVERAGE($C$7:$C$12))/$C$46) -> /
D50: / | E50: =IF(D50="/","/",(D50*#REF!/AVERAGE($C$7:$C$12))/$C$46) -> /
D51: / | E51: =IF(D51="/","/",(D51*#REF!/AVERAGE($C$7:$C$12))/$C$46) -> /
B52: WS3-2 dérive 1 | D52: / | E52: =IF(D52="/","/",(D52*#REF!/AVERAGE($C$7:$C$12))/$C$46) -> / | F52: / | H52: =IF(AND(E52<=102%,E52>=98%),"CONFORME",IF(E52="/","N/A","NON CONFORME")) -> N/A
B53: WS3-2 dérive 2 | D53: / | E53: =IF(D53="/","/",(D53*#REF!/AVERAGE($C$7:$C$12))/$C$46) -> / | F53: / | H53: =IF(AND(E53<=102%,E53>=98%),"CONFORME",IF(E53="/","N/A","NON CONFORME")) -> N/A
B54: WS3-2 dérive 3 | D54: / | E54: =IF(D54="/","/",(D54*#REF!/AVERAGE($C$7:$C$12))/$C$46) -> / | F54: / | H54: =IF(AND(E54<=102%,E54>=98%),"CONFORME",IF(E54="/","N/A","NON CONFORME")) -> N/A
B55: WS3-2 dérive 4 | D55: / | E55: =IF(D55="/","/",(D55*#REF!/AVERAGE($C$7:$C$12))/$C$46) -> / | F55: / | H55: =IF(AND(E55<=102%,E55>=98%),"CONFORME",IF(E55="/","N/A","NON CONFORME")) -> N/A
C57: Conformité du system suitability | F57: Conforme o Non Conforme o
C60: Analyste : | F60: Date:

Sheet stabilité
B2: Introduction
B3: standard
B4: dérivatisation | C4: conservation | D4: réplique | E4: échant 1 | F4: échant 2 | G4: moyenne
B5: j=0 | C5: j=0 | D5: r1 | E5: 1.1825568 | F5: 1.1820513 | G5: =AVERAGE(E5:G6) -> 1.1818711
D6: r2 | E6: 1.1811854 | F6: 1.1824702
C7: j=7 | E7: 1.173 | F7: 1.171 | G7: =AVERAGE(E7:F7) -> 1.172
B8: j=7 | E8: 1.184 | F8: 1.181 | G8: =AVERAGE(E8:F8) -> 1.1825
D9: moyenne | E9: =AVERAGE(E5:E8) -> 1.1801855 | F9: =AVERAGE(F5:F8) -> 1.1791304
B11: Identification | F11: ANOVA irrégulièrement emboité
B12: origine | C12: moyenne | D12: écart | E12: coefficient C | F12: SCE | G12: ddl | H12: CM | I12: F% | J12: F%5 | K12: contribution
B13: total | C13: x | D13: x | E13: x | F13: =DEVSQ(E5:F8) -> 0.00016431597 | G13: =COUNT(E5:F8)-1 -> 7 | H13: =F13/G13 -> 2.3473709e-05 | I13: x | J13: x | K13: =SUM(K15:K19) -> 1
B14: modèle | C14: x | D14: x | E14: x | F14: =SUM(F16:F19) -> 0.00015908942 | G14: =SUM(G16:G19) -> 7 | H14: =F14/G14 -> 2.272706e-05 | I14: =H14/H16 -> 200.43403 | J14: =FINV(0.05,G14,G16) -> 19.353218 | K14: =F14/F13 -> 0.96819211
B15: résiduel | C15: x | D15: x | E15: x | F15: =F13-F14 -> 5.2265441e-06 | G15: =G13-G14 -> 0 | H15: x | I15: x | J15: x | K15: =F15/$F$13 -> 0.03180789
B16: réplique | C16: =AVERAGE(E5:F6) -> 1.1820659 | D16: =ABS(AVERAGE(E5:F5)-AVERAGE(E6:F6)) -> 0.00047621262 | E16: =0.5*2 -> 1 | F16: =D16^2*E16 -> 2.2677846e-07 | G16: =(COUNT(E5:E6)-1)*COUNT(E5:F5) -> 2 | H16: =F16/G16 -> 1.1338923e-07 | I16: x | J16: x | K16: =F16/$F$13 -> 0.0013801365
B17: conservation | C17: =AVERAGE(E5:F7) -> 1.1787106 | D17: =ABS(C16-AVERAGE(E7:F7)) -> 0.01006591 | E17: =0.666666666666667*2 -> 1.3333333 | F17: =D17^2*E17 -> 0.00013509672 | G17: =G16 -> 2 | H17: =F17/G17 -> 6.7548361e-05 | I17: =H17/H16 -> 595.72113 | J17: =FINV(0.05,G17,G$16) -> 19 | K17: =F17/$F$13 -> 0.82217648
B18: dérivatisation | C18: =AVERAGE(E5:F8) -> 1.179658 | D18: =ABS(C17-AVERAGE(E8:F8)) -> 0.0037893934 | E18: =0.75*2 -> 1.5 | F18: =D18^2*E18 -> 2.1539254e-05 | G18: =G17 -> 2 | H18: =F18/G18 -> 1.0769627e-05 | I18: =H18/H16 -> 94.979275 | J18: =FINV(0.05,G18,G$16) -> 19 | K18: =F18/$F$13 -> 0.13108436
B19: échantillon | C19: x | D19: x | E19: x | F19: =(SUM(E5:E8)^2+SUM(F5:F8)^2)*2/COUNT(E5:F8)-SUM(E5:F8)^2/COUNT(E5:F8) -> 2.2266673e-06 | G19: =COUNT(E5:F5)-1 -> 1 | H19: =F19/G19 -> 2.2266673e-06 | I19: =H19/H16 -> 19.637379 | J19: =FINV(0.05,G19,G$16) -> 18.512821 | K19: =F19/$F$13 -> 0.013551132
B21: Fin

Sheet sensibilité
B2: Sensitivity
B3: plus petite différence détectable
C5: erreur expérimentale Sy/x | E5: =linéarité!D45 -> 0.010883821
C6: fractile t(alpha = 5%) | E6: =TINV(0.05,linéarité!G86) -> 2.2281389
C7: factile t(beta = 5%) | E7: =TINV(0.1,linéarité!G86) -> 1.8124611
C8: pente b1 | E8: =linéarité!C43 -> 3.8760128
C9: Ecart minimal en x | E9: =((E6+E7)*E5*SQRT(2))/E8 -> 0.01604564 | F9: <= Sensibilité
B14: Fin

Sheet Risque
C2: N° | D2: Pré-analytique | E2: Défailances possibles (si quantitatif : trop,pas assez, pas du tout / si qualitatif : bon ou mauvais) | F2: Effets de la défaillances | G2: Causes de la défaillances | H2: Actions de préventiopn mise en place
B3: Pré-analytique | C3: 1 | D3: ex : prélèvement, transport
C4: 2 | D4: ex : préparation de l'échantillon
C5: 3
C6: 4
C7: 5
C8: 6
C9: 7
C10: 8
C11: 9
C12: 10
C15: N° | D15: Post-analytique | E15: Défailances possibles (si quantitatif : trop,pas assez, pas du tout / si qualitatif : bon ou mauvais) | F15: Effets de la défaillances | G15: Causes de la défaillances | H15: Actions de préventiopn mise en place
B16: Post-analytique | C16: 1 | D16: ex : stockage de l'échantillon
C17: 2 | D17: ex ; envoie des résultats
C18: 3
C19: 4
C20: 5
C21: 6
C22: 7
C23: 8
C24: 9
C25: 10

Sheet Sheet1
